id,name,edition,level,automation_status,implemented,note,design_candidates,scene_context
998,Абсолютный приказ,2014,4,none,Концентрация и связанные эффекты,"Требуется отдельное разрешение: Условия наложения, снятия и последствия состояний; Контекстные бонусы и режимы бросков.",Условия и состояния; Контекст броска/применения,False
1286,Адский кованный,2014,7,partial,Спасбросок,Поддержаны спасбросок со Сл и групповые результаты. Требуется отдельное разрешение: Создание/контроль существ и их отдельные листы; Повторные срабатывания и вход/выход из области; Контекстные бонусы и режимы бросков.,Повторные события; Подконтрольные существа; Контекст броска/применения,False
542,Адское возмездие,2014,1,full,Урон; Спасбросок,"Проверены атака или спасбросок, формула и типы урона, усиление, применение результата к целям из хроники. Геометрия, перемещение, освещение и воздействие на декорации остаются у мастера и не снижают статус.",Решение по описанию,False
6066,Адское возмездие,2024,1,full,Урон; Спасбросок,"Правила 2024: типизированный урон, усиление, спасбросок и применение полного/половинного урона либо избегание через хронику. Геометрию, перемещения и воздействие на декорации определяет мастер.",Решение по описанию,False
543,Алая плеть,2014,1,none,,Требуется отдельное разрешение: Расход и формулы от костей хитов цели/заклинателя; Изменение максимума или связанных временных хитов.,Хиты с источником; Связь целей; Создание предмета; Расходы и восстановление,False
1336,Алый дождь,2014,8,partial,Спасбросок; Отдельные этапы; Концентрация и связанные эффекты,"Урон 2к10 доступен отдельно. Расход восьми Костей Хитов, истощение, уменьшение максимума и автоматические провалы пока вручную.",Хиты с источником; Условия и состояния; Связь целей; Расходы и восстановление,False
999,Алый круг,2014,4,partial,Спасбросок,Поддержаны спасбросок со Сл и групповые результаты. Требуется отдельное разрешение: Расход и формулы от костей хитов цели/заклинателя; Изменение максимума или связанных временных хитов.,Хиты с источником; Расходы и восстановление,False
460,Анализ устройства,2014,0,none,,"Требуется отдельное разрешение: описанное воздействие на цели, предметы или окружение.",Решение по описанию,False
544,Ангельский защитник,2014,1,partial,Связанные эффекты; Концентрация и связанные эффекты,КД применяется. Перебросок реакцией и снятие эффекта после него — вручную.,Подконтрольные существа,False
1337,Антипатия/симпатия,2014,8,partial,Спасбросок,"Поддержаны спасбросок со Сл и групповые результаты. Требуется отдельное разрешение: Условия наложения, снятия и последствия состояний; Условные сопротивления и иммунитеты.",Условия и состояния; Сцена и геометрия,True
6067,Антипатия/симпатия,2024,8,none,,Правила PHB 2024. Применение особенностей по описанию; автоматизация этой версии не настроена.,Условия и состояния,False
1287,Аспект дракона,2014,7,none,Концентрация и связанные эффекты,"Требуется отдельное разрешение: Превращение, характеристики формы и возврат исходного состояния; Расход и формулы от костей хитов цели/заклинателя; Контекстные бонусы и режимы бросков.",Превращение; Смерть и её предотвращение; Расходы и восстановление; Контекст броска/применения,False
857,Аура живучести,2014,3,partial,Формула лечения; Концентрация и связанные эффекты,"Формула доступна для броска. Лечение бонусным действием из ауры, а не в момент её создания.",Контекст броска/применения,False
6068,Аура живучести,2024,3,none,Концентрация и связанные эффекты,Правила PHB 2024. Применение особенностей по описанию; автоматизация этой версии не настроена.,Повторные события,False
1000,Аура жизни,2014,4,partial,Связанные эффекты; Концентрация и связанные эффекты,"Сопротивление и эффект применяются. Границы ауры, защита максимума хитов и лечение в начале хода — вручную.",Хиты с источником,False
6069,Аура жизни,2024,4,none,Концентрация и связанные эффекты,Правила PHB 2024. Применение особенностей по описанию; автоматизация этой версии не настроена.,Хиты с источником; Повторные события,False
697,Аура мороза,2014,2,partial,Урон; Спасбросок; Концентрация и связанные эффекты,"Поддержаны формулы бросков, спасбросок со Сл и групповые результаты. Требуется отдельное разрешение: Повторные срабатывания и вход/выход из области.",Повторные события; Сцена и геометрия,True
1001,Аура очищения,2014,4,partial,Связанные эффекты; Концентрация и связанные эффекты,"Сопротивление яду применяется. Дистанция, болезни и преимущество только против перечисленных состояний — вручную.",Условия и состояния; Контекст броска/применения,False
6070,Аура очищения,2024,4,none,Концентрация и связанные эффекты,Правила PHB 2024. Применение особенностей по описанию; автоматизация этой версии не настроена.,Условия и состояния; Контекст броска/применения,False
1338,Аура святости,2014,8,partial,Спасбросок; Концентрация и связанные эффекты,"Поддержаны спасбросок со Сл и групповые результаты. Требуется отдельное разрешение: Условия наложения, снятия и последствия состояний; Контекстные бонусы и режимы бросков.",Условия и состояния; Контекст броска/применения; Сцена и геометрия,True
6071,Аура святости,2024,8,none,Концентрация и связанные эффекты,Правила PHB 2024. Применение особенностей по описанию; автоматизация этой версии не настроена.,Условия и состояния; Контекст броска/применения,False
858,Башня Галдера,2014,3,none,,"Требуется отдельное разрешение: Превращение, характеристики формы и возврат исходного состояния; Создание/контроль существ и их отдельные листы.",Превращение,False
1288,Безвременный двигатель,2014,7,none,,"Требуется отдельное разрешение: описанное воздействие на цели, предметы или окружение.",Решение по описанию,False
545,Безмолвный образ,2014,1,none,Концентрация и связанные эффекты,Требуется отдельное разрешение: Создание/контроль существ и их отдельные листы.,Подконтрольные существа; Создание предмета; Сцена и геометрия,True
6072,Безмолвный образ,2024,1,none,Концентрация и связанные эффекты,Правила PHB 2024. Применение особенностей по описанию; автоматизация этой версии не настроена.,Подконтрольные существа; Создание предмета; Сцена и геометрия,True
859,Безопасный вид,2014,3,none,Концентрация и связанные эффекты,"Требуется отдельное разрешение: описанное воздействие на цели, предметы или окружение.",Сцена и геометрия,True
546,Беседа с драконом,2014,1,partial,Спасбросок; Концентрация и связанные эффекты,"Поддержаны спасбросок со Сл и групповые результаты. Требуется отдельное разрешение: описанное воздействие на цели, предметы или окружение.",Решение по описанию,False
547,Беспорядочный рост,2014,1,partial,Урон; Спасбросок; Концентрация и связанные эффекты,"Поддержаны формулы бросков, спасбросок со Сл и групповые результаты. Требуется отдельное разрешение: Создание/контроль существ и их отдельные листы.",Сцена и геометрия,True
698,Бесследное передвижение,2014,2,partial,Связанные эффекты; Концентрация и связанные эффекты,Бонус Скрытности и эффекты целей применяются. Дистанция ауры и следы контролируются вручную.,Повторные события; Контекст броска/применения,False
6073,Бесследное передвижение,2024,2,none,Концентрация и связанные эффекты,Правила PHB 2024. Применение особенностей по описанию; автоматизация этой версии не настроена.,Контекст броска/применения,False
699,Бешеный снаряд,2014,2,partial,Урон; Атака; Тип по результату костей; Серия атак,"В хронике сессии поддержаны таблица типа после броска, цепочка атак, отдельный урон каждой цели, усиление, крит и общая история целей без повторного расхода ячейки. Мастер выбирает цель, проверяет расстояние и подтверждает попадание; автор может выбрать тип урона. Сценарий без сессии пока не поддержан, доступны самостоятельные броски. Тип определяется отдельной к10; перескок — нечётным основным к20 при попадании. Увеличивается число снарядов, не урон попадания.",Случайный результат; Контекст броска/применения,False
548,Благословение,2014,1,full,Связанные эффекты; Концентрация и связанные эффекты,"Выбор целей, ячейка, эффект и концентрация связаны; бонус применяется к параметрам листа.",Решение по описанию,False
6074,Благословение,2024,1,full,Связанные эффекты; Концентрация и связанные эффекты,"Правила 2024: применение эффекта, длительность, модификаторы и число целей; связь с концентрацией.",Решение по описанию,False
700,Благословение удачи,2014,2,none,,Требуется отдельное разрешение: Контекстные бонусы и режимы бросков.,Контекст броска/применения,False
461,Благословенная защита,2014,0,partial,Отдельные этапы; Концентрация и связанные эффекты,Бросок уменьшения урона доступен. Применение к следующему попаданию и завершение концентрации после него — вручную.,Подконтрольные существа,False
701,Благословенный нимб,2014,2,none,Концентрация и связанные эффекты,Требуется отдельное разрешение: Контекстные бонусы и режимы бросков.,Контекст броска/применения; Сцена и геометрия,True
462,Благословление мёртвых,2014,0,none,,"Требуется отдельное разрешение: описанное воздействие на цели, предметы или окружение.",Решение по описанию,False
6075,Божественная кара,2024,1,partial,Отдельные этапы,"Правила 2024: дополнительный урон отделён от вторичного спасброска. Встраивание в выбранное оружие, удвоение костей при критическом попадании и условные состояния пока требуют отдельной настройки.",Решение по описанию,False
549,Божественное благоволение,2014,1,full,Урон; Связанные эффекты; Концентрация и связанные эффекты,"Применение эффекта, длительность и заявленные бонусы поддержаны.",Изменение выбранного оружия,False
6076,Божественное благоволение,2024,1,full,Связанные эффекты,"Правила 2024: применение эффекта, длительность, модификаторы и число целей; без концентрации.",Изменение выбранного оружия,False
702,Божественное оружие,2014,2,partial,Урон; Атака,"Поддержаны формулы бросков, атака заклинанием. Требуется отдельное разрешение: Создание/контроль существ и их отдельные листы; Контекстные бонусы и режимы бросков.",Подконтрольные существа; Создание предмета; Контекст броска/применения,False
1289,Божественное слово,2014,7,partial,Спасбросок,"Поддержаны спасбросок со Сл и групповые результаты. Требуется отдельное разрешение: описанное воздействие на цели, предметы или окружение.",Условия и состояния,False
6077,Божественное слово,2024,7,none,,Правила PHB 2024. Применение особенностей по описанию; автоматизация этой версии не настроена.,Условия и состояния; Случайный результат; Смерть и её предотвращение,False
1002,Болезненное сияние,2014,4,partial,Урон; Спасбросок; Концентрация и связанные эффекты,"Поддержаны формулы бросков, спасбросок со Сл и групповые результаты. Требуется отдельное разрешение: Повторные срабатывания и вход/выход из области; Контекстные бонусы и режимы бросков.",Повторные события; Контекст броска/применения; Сцена и геометрия,True
1290,Большой импульс Лей,2014,7,partial,Спасбросок; Концентрация и связанные эффекты,Поддержаны спасбросок со Сл и групповые результаты. Требуется отдельное разрешение: Условные сопротивления и иммунитеты.,Сцена и геометрия,True
1383,Большой лабиринт,2014,9,partial,Урон; Спасбросок; Концентрация и связанные эффекты,"Поддержаны формулы бросков, спасбросок со Сл и групповые результаты. Требуется отдельное разрешение: описанное воздействие на цели, предметы или окружение.",Решение по описанию,False
1339,Брешь в реальности,2014,8,partial,Спасбросок; Отдельные этапы; Концентрация и связанные эффекты,"Добавлены отдельные формулы для описанных этапов; условный урон не применяется автоматически при сотворении. Порядок этапов, условия попадания в область, дополнительные состояния и их окончание контролируются участниками.",Повторные события; Условия и состояния; Случайный результат; Сцена и геометрия,True
550,Бронированный панцирь,2014,1,none,Концентрация и связанные эффекты,Требуется отдельное разрешение: Контекстные бонусы и режимы бросков.,Контекст броска/применения,False
551,Броня теней,2014,1,partial,Связанные эффекты,Сопротивление применяется. Помеха к атаке другого существа отмечается вручную.,Контекст броска/применения,False
463,Брызги кислоты,2014,0,full,Урон; Спасбросок,"Проверены атака или спасбросок, формула и типы урона, усиление, применение результата к целям из хроники. Геометрия, перемещение, освещение и воздействие на декорации остаются у мастера и не снижают статус.",Решение по описанию,False
6078,Брызги кислоты,2024,0,full,Урон; Спасбросок,"Правила 2024: типизированный урон, усиление, спасбросок и применение полного/половинного урона либо избегание через хронику. Геометрию, перемещения и воздействие на декорации определяет мастер.",Сцена и геометрия,True
6079,Бурлящий котёл Таши,2024,6,none,,Правила PHB 2024. Применение особенностей по описанию; автоматизация этой версии не настроена.,Контекст броска/применения,False
1105,Буря,2014,5,none,Концентрация и связанные эффекты,"Требуется отдельное разрешение: описанное воздействие на цели, предметы или окружение.",Сцена и геометрия,True
703,Буря чёрных лебедей,2014,2,partial,Урон; Спасбросок; Концентрация и связанные эффекты,"Поддержаны формулы бросков, спасбросок со Сл и групповые результаты. Требуется отдельное разрешение: Создание/контроль существ и их отдельные листы; Контекстные бонусы и режимы бросков.",Подконтрольные существа; Контекст броска/применения; Сцена и геометрия,True
860,Быстрая дружба,2014,3,partial,Спасбросок; Концентрация и связанные эффекты,"Поддержаны спасбросок со Сл и групповые результаты. Требуется отдельное разрешение: Условия наложения, снятия и последствия состояний; Контекстные бонусы и режимы бросков.",Условия и состояния; Контекст броска/применения,False
1106,Быстрый колчан,2014,5,none,Концентрация и связанные эффекты,Требуется отдельное разрешение: Контекстные бонусы и режимы бросков; Изменение конкретного оружия и условия попадания.,Изменение выбранного оружия; Контекст броска/применения,False
6080,Быстрый колчан,2024,5,none,Концентрация и связанные эффекты,Правила PHB 2024. Применение особенностей по описанию; автоматизация этой версии не настроена.,Изменение выбранного оружия; Создание предмета; Контекст броска/применения,False
1003,Быстрый курьер Галдера,2014,4,none,,Требуется отдельное разрешение: Условные сопротивления и иммунитеты.,Решение по описанию,False
1004,В свете бдительной луны,2014,4,partial,Спасбросок; Концентрация и связанные эффекты,Поддержаны спасбросок со Сл и групповые результаты. Требуется отдельное разрешение: Создание/контроль существ и их отдельные листы.,Решение по описанию,False
1005,Вдохновляющая речь,2014,4,partial,Связанные эффекты,"Бонус атаки применяется. Временные хиты, условные спасброски и окончание при удалении — вручную.",Хиты с источником; Условия и состояния; Контекст броска/применения; Сцена и геометрия,True
552,Ведьмин снаряд,2014,1,partial,Урон; Атака; Концентрация и связанные эффекты,"Поддержаны формулы бросков, атака заклинанием. Требуется отдельное разрешение: описанное воздействие на цели, предметы или окружение.",Решение по описанию,False
6081,Ведьмин снаряд,2024,1,none,Концентрация и связанные эффекты,Правила PHB 2024. Применение особенностей по описанию; автоматизация этой версии не настроена.,Контекст броска/применения,False
1384,Великая печать святилища,2014,9,partial,Спасбросок; Отдельные этапы,"Добавлены отдельные формулы для описанных этапов; условный урон не применяется автоматически при сотворении. Уничтожение исчадия, защиты от состояний, область печати и её собственные хиты пока вручную.",Повторные события; Условия и состояния; Контекст броска/применения; Сцена и геометрия,True
1291,Великолепный особняк Морденкайнена,2014,7,none,,"Требуется отдельное разрешение: Превращение, характеристики формы и возврат исходного состояния; Создание/контроль существ и их отдельные листы.",Подконтрольные существа; Превращение; Сцена и геометрия,True
6082,Великолепный особняк Морденкайнена,2024,7,none,,Правила PHB 2024. Применение особенностей по описанию; автоматизация этой версии не настроена.,Подконтрольные существа; Сцена и геометрия,True
1006,Верный пёс Морденкайнена,2014,4,partial,Урон,Поддержаны формулы бросков. Требуется отдельное разрешение: Создание/контроль существ и их отдельные листы; Повторные срабатывания и вход/выход из области; Контекстные бонусы и режимы бросков.,Повторные события; Контекст броска/применения; Сцена и геометрия,True
6083,Верный пёс Морденкайнена,2024,4,none,,Правила PHB 2024. Применение особенностей по описанию; автоматизация этой версии не настроена.,Повторные события,False
704,Вечный огонь,2014,2,none,,"Требуется отдельное разрешение: описанное воздействие на цели, предметы или окружение.",Решение по описанию,False
6084,Вечный огонь,2024,2,none,,Правила PHB 2024. Применение особенностей по описанию; автоматизация этой версии не настроена.,Сцена и геометрия,True
1107,Вещий сон,2014,5,partial,Урон; Спасбросок,"Поддержаны формулы бросков, спасбросок со Сл и групповые результаты. Требуется отдельное разрешение: Контекстные бонусы и режимы бросков.",Контекст броска/применения,False
705,Взор ослепительных снегов,2014,2,partial,Спасбросок; Концентрация и связанные эффекты,"Поддержаны спасбросок со Сл и групповые результаты. Требуется отдельное разрешение: описанное воздействие на цели, предметы или окружение.",Решение по описанию,False
706,Взрывное зерно,2014,2,partial,Атака; Спасбросок; Отдельные этапы,Попадание и урон области разделены; спасбросок привязан только к броску урона области. Выбор момента повторного срабатывания и контекстных преимуществ — вручную.,Повторные события,False
707,Видение невидимого,2014,2,partial,Связанные эффекты,Эффект и длительность поддержаны. Особые условия и последствия разрешаются вручную по описанию.,Решение по описанию,False
6085,Видение невидимого,2024,2,none,,Правила PHB 2024. Применение особенностей по описанию; автоматизация этой версии не настроена.,Решение по описанию,False
464,Визитная карточка,2014,0,none,,"Требуется отдельное разрешение: описанное воздействие на цели, предметы или окружение.",Решение по описанию,False
708,Вихрь искривления,2014,2,partial,Спасбросок,Поддержаны спасбросок со Сл и групповые результаты. Требуется отдельное разрешение: Перемещение и переходы между планами.,Сцена и геометрия,True
465,Включить/Выключить,2014,0,none,,"Требуется отдельное разрешение: описанное воздействие на цели, предметы или окружение.",Решение по описанию,False
1108,Власть над ветрами,2014,5,partial,Спасбросок; Концентрация и связанные эффекты,Поддержаны спасбросок со Сл и групповые результаты. Требуется отдельное разрешение: Создание/контроль существ и их отдельные листы; Повторные срабатывания и вход/выход из области; Контекстные бонусы и режимы бросков.,Повторные события; Изменение выбранного оружия; Подконтрольные существа; Создание предмета; Контекст броска/применения; Сцена и геометрия,True
1007,Власть над водами,2014,4,partial,Урон; Спасбросок; Концентрация и связанные эффекты,"Поддержаны формулы бросков, спасбросок со Сл и групповые результаты. Требуется отдельное разрешение: Создание/контроль существ и их отдельные листы; Повторные срабатывания и вход/выход из области; Контекстные бонусы и режимы бросков.",Повторные события; Создание предмета; Контекст броска/применения; Сцена и геометрия,True
6086,Власть над водами,2024,4,none,Концентрация и связанные эффекты,Правила PHB 2024. Применение особенностей по описанию; автоматизация этой версии не настроена.,Повторные события; Создание предмета; Сцена и геометрия,True
466,Власть над огнём,2014,0,none,,"Требуется отдельное разрешение: описанное воздействие на цели, предметы или окружение.",Сцена и геометрия,True
1340,Власть над погодой,2014,8,none,Концентрация и связанные эффекты,Требуется отдельное разрешение: Выбор результата по таблице/случайной ветке.,Случайный результат,False
6087,Власть над погодой,2024,8,none,Концентрация и связанные эффекты,Правила PHB 2024. Применение особенностей по описанию; автоматизация этой версии не настроена.,Снятие эффектов; Случайный результат,False
1109,Вложение заклинания,2014,5,none,,"Требуется отдельное разрешение: описанное воздействие на цели, предметы или окружение.",Решение по описанию,False
553,Внезапное пробуждение,2014,1,none,,"Требуется отдельное разрешение: описанное воздействие на цели, предметы или окружение.",Решение по описанию,False
861,Внезапный рассвет,2014,3,none,Концентрация и связанные эффекты,"Требуется отдельное разрешение: описанное воздействие на цели, предметы или окружение.",Сцена и геометрия,True
709,Внушение,2014,2,partial,Спасбросок; Концентрация и связанные эффекты,"Поддержаны спасбросок со Сл и групповые результаты. Требуется отдельное разрешение: Условия наложения, снятия и последствия состояний; Условные сопротивления и иммунитеты.",Условия и состояния,False
6088,Внушение,2024,2,none,Концентрация и связанные эффекты,Правила PHB 2024. Применение особенностей по описанию; автоматизация этой версии не настроена.,Условия и состояния,False
1110,Водоворот,2014,5,partial,Урон; Спасбросок; Концентрация и связанные эффекты,"Поддержаны формулы бросков, спасбросок со Сл и групповые результаты. Требуется отдельное разрешение: описанное воздействие на цели, предметы или окружение.",Сцена и геометрия,True
862,Водяная стена,2014,3,none,Концентрация и связанные эффекты,Требуется отдельное разрешение: Создание/контроль существ и их отдельные листы; Изменение максимума или связанных временных хитов; Контекстные бонусы и режимы бросков.,Хиты с источником; Создание предмета; Контекст броска/применения; Сцена и геометрия,True
1008,Водяная сфера,2014,4,partial,Спасбросок; Концентрация и связанные эффекты,"Поддержаны спасбросок со Сл и групповые результаты. Требуется отдельное разрешение: Создание/контроль существ и их отдельные листы; Условия наложения, снятия и последствия состояний; Повторные срабатывания и вход/выход из области.",Повторные события; Условия и состояния; Создание предмета; Сцена и геометрия,True
710,Воздушный пузырь,2014,2,none,,Требуется отдельное разрешение: Создание/контроль существ и их отдельные листы.,Подконтрольные существа; Сцена и геометрия,True
554,Воздушный туннель,2014,1,none,Концентрация и связанные эффекты,Требуется отдельное разрешение: Создание/контроль существ и их отдельные листы; Контекстные бонусы и режимы бросков.,Контекст броска/применения; Сцена и геометрия,True
467,Воздушный хлыст,2014,0,full,Урон; Атака,"Проверены атака или спасбросок, формула и типы урона, усиление, применение результата к целям из хроники. Геометрия, перемещение, освещение и воздействие на декорации остаются у мастера и не снижают статус.",Подконтрольные существа,False
863,Возрождение,2014,3,none,,"Требуется отдельное разрешение: описанное воздействие на цели, предметы или окружение.",Решение по описанию,False
6089,Возрождение,2024,3,none,,Правила PHB 2024. Применение особенностей по описанию; автоматизация этой версии не настроена.,Решение по описанию,False
555,Волна грома,2014,1,full,Урон; Спасбросок,"Проверены атака или спасбросок, формула и типы урона, усиление, применение результата к целям из хроники. Геометрия, перемещение, освещение и воздействие на декорации остаются у мастера и не снижают статус.",Сцена и геометрия,True
6090,Волна грома,2024,1,full,Урон; Спасбросок,"Правила 2024: типизированный урон, усиление, спасбросок и применение полного/половинного урона либо избегание через хронику. Геометрию, перемещения и воздействие на декорации определяет мастер.",Сцена и геометрия,True
1009,Волна пламени,2014,4,full,Урон; Спасбросок,"Проверены атака или спасбросок, формула и типы урона, усиление, применение результата к целям из хроники. Геометрия, перемещение, освещение и воздействие на декорации остаются у мастера и не снижают статус.",Сцена и геометрия,True
556,Волновой барьер,2014,1,partial,Спасбросок; Концентрация и связанные эффекты,"Поддержаны спасбросок со Сл и групповые результаты. Требуется отдельное разрешение: описанное воздействие на цели, предметы или окружение.",Сцена и геометрия,True
557,Волчья песнь,2014,1,none,,"Требуется отдельное разрешение: описанное воздействие на цели, предметы или окружение.",Решение по описанию,False
6091,Волшебная аура Нистула,2024,2,none,,Правила PHB 2024. Применение особенностей по описанию; автоматизация этой версии не настроена.,Подконтрольные существа; Создание предмета; Сцена и геометрия,True
468,Волшебная рука,2014,0,none,,"Требуется отдельное разрешение: описанное воздействие на цели, предметы или окружение.",Решение по описанию,False
6092,Волшебная рука,2024,0,none,,Правила PHB 2024. Применение особенностей по описанию; автоматизация этой версии не настроена.,Решение по описанию,False
558,Волшебная стрела,2014,1,partial,Урон,Поддержаны формулы бросков. Требуется отдельное разрешение: Создание/контроль существ и их отдельные листы.,Подконтрольные существа,False
6093,Волшебная стрела,2024,1,partial,Урон,"Правила 2024: 1к4 + 1 силовым полем за дротик, 3 дротика и +1 за круг выше. Распределение автоматических попаданий и счётчик оставшихся дротиков пока вручную; бросок и применение относятся к одному дротику.",Подконтрольные существа,False
559,Волшебная стрела Джима,2014,1,partial,Урон; Атака,"Поддержаны формулы бросков, атака заклинанием. Требуется отдельное разрешение: Создание/контроль существ и их отдельные листы.",Решение по описанию,False
560,Волшебное оружие,2014,1,partial,Урон; Связанные эффекты; Концентрация и связанные эффекты,Бонус применяется только к выбранному оружию. После применения выберите оружие в эффекте; признак магического оружия и специальные последствия — вручную. Смена типа бонусным действием — через замену эффекта без новой ячейки.,Контекст броска/применения,False
711,Волшебные уста,2014,2,none,,"Требуется отдельное разрешение: описанное воздействие на цели, предметы или окружение.",Решение по описанию,False
6094,Волшебные уста,2024,2,none,,Правила PHB 2024. Применение особенностей по описанию; автоматизация этой версии не настроена.,Решение по описанию,False
712,Волшебный взлом,2014,2,none,Концентрация и связанные эффекты,Требуется отдельное разрешение: Контекстные бонусы и режимы бросков.,Контекст броска/применения,False
713,Волшебный замок,2014,2,none,,"Требуется отдельное разрешение: описанное воздействие на цели, предметы или окружение.",Решение по описанию,False
6095,Волшебный замок,2024,2,none,,Правила PHB 2024. Применение особенностей по описанию; автоматизация этой версии не настроена.,Решение по описанию,False
469,Волшебный камень,2014,0,partial,Урон; Атака,"Поддержаны формулы бросков, атака заклинанием. Требуется отдельное разрешение: описанное воздействие на цели, предметы или окружение.",Решение по описанию,False
1214,Волшебный сосуд,2014,6,partial,Спасбросок,Поддержаны спасбросок со Сл и групповые результаты. Требуется отдельное разрешение: Повторные срабатывания и вход/выход из области; Контекстные бонусы и режимы бросков.,Контекст броска/применения,False
6096,Волшебный сосуд,2024,6,none,,Правила PHB 2024. Применение особенностей по описанию; автоматизация этой версии не настроена.,Условия и состояния; Расходы и восстановление,False
714,Воображаемая сила,2014,2,partial,Урон; Спасбросок; Концентрация и связанные эффекты,"Поддержаны формулы бросков, спасбросок со Сл и групповые результаты. Требуется отдельное разрешение: Создание/контроль существ и их отдельные листы.",Повторные события; Подконтрольные существа; Создание предмета; Сцена и геометрия,True
6097,Воображаемая сила,2024,2,none,Концентрация и связанные эффекты,Правила PHB 2024. Применение особенностей по описанию; автоматизация этой версии не настроена.,Повторные события; Подконтрольные существа; Создание предмета; Сцена и геометрия,True
1010,Воображаемый убийца,2014,4,partial,Урон; Спасбросок; Концентрация и связанные эффекты,"Поддержаны формулы бросков, спасбросок со Сл и групповые результаты. Требуется отдельное разрешение: Условия наложения, снятия и последствия состояний; Повторные срабатывания и вход/выход из области.",Повторные события; Условия и состояния,False
6098,Воображаемый убийца,2024,4,none,Концентрация и связанные эффекты,Правила PHB 2024. Применение особенностей по описанию; автоматизация этой версии не настроена.,Повторные события; Контекст броска/применения; Сцена и геометрия,True
561,Вопрос с подвохом,2014,1,partial,Спасбросок,"Поддержаны спасбросок со Сл и групповые результаты. Требуется отдельное разрешение: описанное воздействие на цели, предметы или окружение.",Решение по описанию,False
1292,Воскрешение,2014,7,none,,Требуется отдельное разрешение: Контекстные бонусы и режимы бросков.,Снятие эффектов; Контекст броска/применения,False
6099,Воскрешение,2024,7,none,,Правила PHB 2024. Применение особенностей по описанию; автоматизация этой версии не настроена.,Подконтрольные существа; Расходы и восстановление; Контекст броска/применения,False
1341,Воспламеняющаяся туча,2014,8,partial,Урон; Спасбросок; Концентрация и связанные эффекты,"Поддержаны формулы бросков, спасбросок со Сл и групповые результаты. Требуется отдельное разрешение: Повторные срабатывания и вход/выход из области.",Повторные события; Сцена и геометрия,True
6100,Воспламеняющаяся туча,2024,8,none,Концентрация и связанные эффекты,Правила PHB 2024. Применение особенностей по описанию; автоматизация этой версии не настроена.,Повторные события; Сцена и геометрия,True
864,Восставший труп,2014,3,none,,Требуется отдельное разрешение: Создание/контроль существ и их отдельные листы; Контекстные бонусы и режимы бросков.,Подконтрольные существа; Контекст броска/применения,False
865,Враждебность,2014,3,partial,Урон; Спасбросок; Связанные эффекты,Применяются связанные эффекты и указанные в них модификаторы. Урон и альтернативная помеха поддержаны. Вынужденная атака реакцией и выбор её цели выполняются участниками.,Контекст броска/применения,False
866,Враждебность,2014,3,partial,Урон; Спасбросок; Связанные эффекты,Применяются связанные эффекты и указанные в них модификаторы. Урон и альтернативная помеха поддержаны. Вынужденная атака реакцией и выбор её цели выполняются участниками.,Контекст броска/применения,False
1385,Врата,2014,9,none,Концентрация и связанные эффекты,Требуется отдельное разрешение: Создание/контроль существ и их отдельные листы; Перемещение и переходы между планами.,Решение по описанию,False
6101,Врата,2024,9,none,Концентрация и связанные эффекты,Правила PHB 2024. Применение особенностей по описанию; автоматизация этой версии не настроена.,Решение по описанию,False
1111,Врата в царство теней,2014,5,none,Концентрация и связанные эффекты,"Требуется отдельное разрешение: описанное воздействие на цели, предметы или окружение.",Решение по описанию,False
1011,Вращающиеся топоры,2014,4,partial,Спасбросок; Отдельные этапы,"Спасброски привязаны к отдельным этапам с правильной характеристикой и результатом успеха. Последовательность этапов, повторения и дополнительные состояния проверяются участниками.",Повторные события,False
1342,Вредоносные волны,2014,8,partial,Связанные эффекты; Концентрация и связанные эффекты,"Применяются связанные эффекты и указанные в них модификаторы. Условия наложения, повторные спасброски и снятие по ходу боя проверяются участниками.",Условия и состояния; Контекст броска/применения,False
1112,Временной сдвиг,2014,5,partial,Спасбросок,Поддержаны спасбросок со Сл и групповые результаты. Требуется отдельное разрешение: Повторные срабатывания и вход/выход из области.,Повторные события,False
1386,Время в бутылке,2014,9,none,Концентрация и связанные эффекты,"Требуется отдельное разрешение: описанное воздействие на цели, предметы или окружение.",Сцена и геометрия,True
470,Вспышка мечей,2014,0,full,Урон; Спасбросок,"Проверены атака или спасбросок, формула и типы урона, усиление, применение результата к целям из хроники. Геометрия, перемещение, освещение и воздействие на декорации остаются у мастера и не снижают статус.",Подконтрольные существа,False
471,Вспышка мечей,2014,0,full,Урон; Спасбросок,"Проверены атака или спасбросок, формула и типы урона, усиление, применение результата к целям из хроники. Геометрия, перемещение, освещение и воздействие на декорации остаются у мастера и не снижают статус.",Подконтрольные существа,False
1215,Вторжение теней,2014,6,none,,Требуется отдельное разрешение: Создание/контроль существ и их отдельные листы.,Сцена и геометрия,True
867,Вывод из строя,2014,3,partial,Спасбросок; Отдельные этапы; Концентрация и связанные эффекты,"Добавлены отдельные формулы для описанных этапов; условный урон не применяется автоматически при сотворении. Порядок этапов, условия попадания в область, дополнительные состояния и их окончание контролируются участниками.",Повторные события; Сцена и геометрия,True
6102,Вызов Аберрации,2024,4,none,Концентрация и связанные эффекты,Правила PHB 2024. Применение особенностей по описанию; автоматизация этой версии не настроена.,Подконтрольные существа,False
1012,Вызов Барлгура,2014,4,none,,Требуется отдельное разрешение: Создание/контроль существ и их отдельные листы; Выбор результата по таблице/случайной ветке; Повторные срабатывания и вход/выход из области.,Повторные события; Случайный результат,False
1113,Вызов взрослого древня,2014,5,none,Концентрация и связанные эффекты,Требуется отдельное разрешение: Создание/контроль существ и их отдельные листы.,Сцена и геометрия,True
1114,Вызов Врока,2014,5,none,Концентрация и связанные эффекты,Требуется отдельное разрешение: Повторные срабатывания и вход/выход из области; Контекстные бонусы и режимы бросков.,Повторные события; Контекст броска/применения,False
6103,Вызов Дракона,2024,5,none,Концентрация и связанные эффекты,Правила PHB 2024. Применение особенностей по описанию; автоматизация этой версии не настроена.,Повторные события; Условия и состояния; Подконтрольные существа; Контекст броска/применения; Сцена и геометрия,True
868,Вызов животных,2014,3,none,Концентрация и связанные эффекты,"Требуется отдельное разрешение: описанное воздействие на цели, предметы или окружение.",Решение по описанию,False
869,Вызов заграждения,2014,3,partial,Урон; Спасбросок,"Поддержаны формулы бросков, спасбросок со Сл и групповые результаты. Требуется отдельное разрешение: описанное воздействие на цели, предметы или окружение.",Сцена и геометрия,True
1115,Вызов залпа,2014,5,partial,Урон; Спасбросок,"Поддержаны формулы бросков, спасбросок со Сл и групповые результаты. Требуется отдельное разрешение: описанное воздействие на цели, предметы или окружение.",Решение по описанию,False
6104,Вызов Зверя,2024,2,none,Концентрация и связанные эффекты,Правила PHB 2024. Применение особенностей по описанию; автоматизация этой версии не настроена.,Условия и состояния; Подконтрольные существа; Контекст броска/применения,False
6105,Вызов Исчадия,2024,6,none,Концентрация и связанные эффекты,Правила PHB 2024. Применение особенностей по описанию; автоматизация этой версии не настроена.,Условия и состояния; Контекст броска/применения,False
6106,Вызов Конструкта,2024,4,none,Концентрация и связанные эффекты,Правила PHB 2024. Применение особенностей по описанию; автоматизация этой версии не настроена.,Повторные события; Условия и состояния; Подконтрольные существа; Создание предмета; Контекст броска/применения,False
1013,Вызов лесных обитателей,2014,4,none,Концентрация и связанные эффекты,Требуется отдельное разрешение: Создание/контроль существ и их отдельные листы.,Подконтрольные существа,False
870,Вызов малого демона,2014,3,none,Концентрация и связанные эффекты,Требуется отдельное разрешение: Создание/контроль существ и их отдельные листы.,Решение по описанию,False
1014,Вызов малых древней,2014,4,none,Концентрация и связанные эффекты,Требуется отдельное разрешение: Создание/контроль существ и их отдельные листы.,Решение по описанию,False
1015,Вызов малых элементалей,2014,4,none,Концентрация и связанные эффекты,Требуется отдельное разрешение: Создание/контроль существ и их отдельные листы.,Подконтрольные существа,False
562,Вызов на дуэль,2014,1,partial,Спасбросок; Концентрация и связанные эффекты,Поддержаны спасбросок со Сл и групповые результаты. Требуется отдельное разрешение: Контекстные бонусы и режимы бросков.,Повторные события; Контекст броска/применения,False
6107,Вызов на дуэль,2024,1,none,Концентрация и связанные эффекты,Правила PHB 2024. Применение особенностей по описанию; автоматизация этой версии не настроена.,Контекст броска/применения,False
1293,Вызов небожителя,2014,7,none,Концентрация и связанные эффекты,Требуется отдельное разрешение: Создание/контроль существ и их отдельные листы.,Подконтрольные существа,False
6108,Вызов Небожителя,2024,5,none,Концентрация и связанные эффекты,Правила PHB 2024. Применение особенностей по описанию; автоматизация этой версии не настроена.,Хиты с источником; Условия и состояния; Подконтрольные существа; Контекст броска/применения,False
6109,Вызов Нежити,2024,3,none,Концентрация и связанные эффекты,Правила PHB 2024. Применение особенностей по описанию; автоматизация этой версии не настроена.,Условия и состояния; Контекст броска/применения; Сцена и геометрия,True
1016,Вызов ноу-бота,2014,4,none,,Требуется отдельное разрешение: Контекстные бонусы и режимы бросков.,Контекст броска/применения,False
715,Вызов роя скарабеев,2014,2,none,Концентрация и связанные эффекты,Требуется отдельное разрешение: Создание/контроль существ и их отдельные листы.,Сцена и геометрия,True
563,Вызов страха,2014,1,partial,Спасбросок; Концентрация и связанные эффекты,Поддержаны спасбросок со Сл и групповые результаты. Требуется отдельное разрешение: Повторные срабатывания и вход/выход из области; Условные сопротивления и иммунитеты.,Повторные события,False
1017,Вызов теневого демона,2014,4,none,Концентрация и связанные эффекты,"Требуется отдельное разрешение: описанное воздействие на цели, предметы или окружение.",Повторные события; Сцена и геометрия,True
1294,Вызов теневого титана,2014,7,none,Концентрация и связанные эффекты,Требуется отдельное разрешение: Создание/контроль существ и их отдельные листы.,Сцена и геометрия,True
1216,Вызов феи,2014,6,none,Концентрация и связанные эффекты,Требуется отдельное разрешение: Создание/контроль существ и их отдельные листы.,Подконтрольные существа,False
6110,Вызов Феи,2024,3,none,Концентрация и связанные эффекты,Правила PHB 2024. Применение особенностей по описанию; автоматизация этой версии не настроена.,Условия и состояния; Подконтрольные существа; Контекст броска/применения; Сцена и геометрия,True
1295,Вызов Хезроу,2014,7,none,Концентрация и связанные эффекты,Требуется отдельное разрешение: Создание/контроль существ и их отдельные листы; Изменение максимума или связанных временных хитов; Повторные срабатывания и вход/выход из области.,Хиты с источником; Повторные события; Контекст броска/применения,False
1116,Вызов элементаля,2014,5,none,Концентрация и связанные эффекты,"Требуется отдельное разрешение: описанное воздействие на цели, предметы или окружение.",Сцена и геометрия,True
6111,Вызов Элементаля,2024,4,none,Концентрация и связанные эффекты,Правила PHB 2024. Применение особенностей по описанию; автоматизация этой версии не настроена.,Условия и состояния; Подконтрольные существа; Превращение; Контекст броска/применения; Сцена и геометрия,True
1117,Выключение,2014,5,partial,Спасбросок; Концентрация и связанные эффекты,"Поддержаны спасбросок со Сл и групповые результаты. Требуется отдельное разрешение: описанное воздействие на цели, предметы или окружение.",Решение по описанию,False
1018,Высшая невидимость,2014,4,partial,Связанные эффекты; Концентрация и связанные эффекты,"Преимущество собственным атакам, эффект и концентрация поддержаны. Видимость, обнаружение и атаки других существ — вручную.",Решение по описанию,False
6112,Высшая невидимость,2024,4,none,Концентрация и связанные эффекты,Правила PHB 2024. Применение особенностей по описанию; автоматизация этой версии не настроена.,Решение по описанию,False
1118,Высшее восстановление,2014,5,none,,"Требуется отдельное разрешение: Изменение максимума или связанных временных хитов; Условия наложения, снятия и последствия состояний.",Хиты с источником; Условия и состояния,False
6113,Высшее восстановление,2024,5,none,,Правила PHB 2024. Применение особенностей по описанию; автоматизация этой версии не настроена.,Хиты с источником; Условия и состояния; Снятие эффектов,False
1296,Вьюга,2014,7,partial,Урон; Спасбросок; Концентрация и связанные эффекты,"Поддержаны формулы бросков, спасбросок со Сл и групповые результаты. Требуется отдельное разрешение: Создание/контроль существ и их отдельные листы; Контекстные бонусы и режимы бросков.",Повторные события; Контекст броска/применения; Сцена и геометрия,True
716,Гадание,2014,2,none,,"Требуется отдельное разрешение: описанное воздействие на цели, предметы или окружение.",Решение по описанию,False
6114,Гадание,2024,2,none,,Правила PHB 2024. Применение особенностей по описанию; автоматизация этой версии не настроена.,Случайный результат; Расходы и восстановление,False
871,Газообразная форма,2014,3,partial,Связанные эффекты; Концентрация и связанные эффекты,"Поддержаны применение связанного эффекта и концентрация. Требуется отдельное разрешение: Превращение, характеристики формы и возврат исходного состояния; Условия наложения, снятия и последствия состояний; Условные сопротивления и иммунитеты.",Условия и состояния; Превращение; Контекст броска/применения,False
6115,Газообразная форма,2024,3,none,Концентрация и связанные эффекты,Правила PHB 2024. Применение особенностей по описанию; автоматизация этой версии не настроена.,Условия и состояния; Контекст броска/применения,False
872,Гашение волны,2014,3,none,,Требуется отдельное разрешение: Контекстные бонусы и режимы бросков.,Контекст броска/применения,False
6116,Гейс,2024,5,none,,Правила PHB 2024. Применение особенностей по описанию; автоматизация этой версии не настроена.,Условия и состояния,False
564,Героизм,2014,1,none,Концентрация и связанные эффекты,Требуется отдельное разрешение: Изменение максимума или связанных временных хитов; Повторные срабатывания и вход/выход из области; Условные сопротивления и иммунитеты.,Хиты с источником; Повторные события,False
6117,Героизм,2024,1,none,Концентрация и связанные эффекты,Правила PHB 2024. Применение особенностей по описанию; автоматизация этой версии не настроена.,Хиты с источником; Повторные события; Условия и состояния,False
1019,Гигантское насекомое,2014,4,none,Концентрация и связанные эффекты,"Требуется отдельное разрешение: Превращение, характеристики формы и возврат исходного состояния.",Решение по описанию,False
6118,Гигантское насекомое,2024,4,none,Концентрация и связанные эффекты,Правила PHB 2024. Применение особенностей по описанию; автоматизация этой версии не настроена.,Условия и состояния; Контекст броска/применения,False
873,Гипнотический узор,2014,3,partial,Спасбросок; Концентрация и связанные эффекты,"Поддержаны спасбросок со Сл и групповые результаты. Требуется отдельное разрешение: Создание/контроль существ и их отдельные листы; Условия наложения, снятия и последствия состояний.",Условия и состояния; Сцена и геометрия,True
6119,Гипнотический узор,2024,3,none,Концентрация и связанные эффекты,Правила PHB 2024. Применение особенностей по описанию; автоматизация этой версии не настроена.,Условия и состояния; Сцена и геометрия,True
1020,Глиф лунной ловушки,2014,4,partial,Спасбросок,"Поддержаны спасбросок со Сл и групповые результаты. Требуется отдельное разрешение: описанное воздействие на цели, предметы или окружение.",Сцена и геометрия,True
565,Глубокий вздох,2014,1,none,,"Требуется отдельное разрешение: описанное воздействие на цели, предметы или окружение.",Решение по описанию,False
717,Глухота/слепота,2014,2,partial,Спасбросок; Связанные эффекты; Повторный спасбросок,"Применение эффекта, модификаторы и повторный спасбросок в конце хода со Сл источника; успех автоматически снимает эффект. Условия зрения/слуха, проверки восприятия и преимущество атак по ослеплённой цели проверяются участниками.",Повторные события; Условия и состояния,False
6120,Глухота/Слепота,2024,2,none,,Правила PHB 2024. Применение особенностей по описанию; автоматизация этой версии не настроена.,Повторные события; Условия и состояния,False
874,Гнев горы,2014,3,partial,Спасбросок; Отдельные этапы,Добавлены отдельные формулы для описанных этапов; условный урон не применяется автоматически при сотворении. Уничтожение немагического предмета и выбор надетого/удерживаемого предмета — вручную.,Создание предмета,False
1119,Гнев природы,2014,5,partial,Атака; Отдельные этапы; Концентрация и связанные эффекты,Добавлены отдельные формулы для описанных этапов; условный урон не применяется автоматически при сотворении. Для камня атака использует характеристики заклинателя; немагическое происхождение урона и дополнительные состояния проверяет мастер.,Повторные события; Условия и состояния; Подконтрольные существа; Контекст броска/применения; Сцена и геометрия,True
566,Гневная кара,2014,1,partial,Урон; Спасбросок; Концентрация и связанные эффекты,"Поддержаны формулы бросков, спасбросок со Сл и групповые результаты. Требуется отдельное разрешение: Условия наложения, снятия и последствия состояний; Изменение конкретного оружия и условия попадания.",Условия и состояния; Изменение выбранного оружия,False
6121,Гневная кара,2024,1,none,,Правила PHB 2024. Применение особенностей по описанию; автоматизация этой версии не настроена.,Повторные события; Условия и состояния,False
1120,Головоруб,2014,5,partial,Урон; Атака,"Атака и 6к8 + модификатор заклинательной характеристики поддержаны. Обезглавливание при остатке ≤50 хитов, исключения и смерть разрешаются мастером.",Решение по описанию,False
875,Голод Хадара,2014,3,partial,Спасбросок; Отдельные этапы; Концентрация и связанные эффекты,"Спасброски привязаны к отдельным этапам с правильной характеристикой и результатом успеха. Последовательность этапов, повторения и дополнительные состояния проверяются участниками.",Условия и состояния; Сцена и геометрия,True
6122,Голод Хадара,2024,3,none,Концентрация и связанные эффекты,Правила PHB 2024. Применение особенностей по описанию; автоматизация этой версии не настроена.,Условия и состояния; Сцена и геометрия,True
718,Горящий клинок,2014,2,partial,Урон; Атака; Концентрация и связанные эффекты,"Поддержаны формулы бросков, атака заклинанием. Требуется отдельное разрешение: Создание/контроль существ и их отдельные листы; Контекстные бонусы и режимы бросков.",Контекст броска/применения; Сцена и геометрия,True
6123,Горящий клинок,2024,2,none,Концентрация и связанные эффекты,Правила PHB 2024. Применение особенностей по описанию; автоматизация этой версии не настроена.,Контекст броска/применения; Сцена и геометрия,True
1021,Гравитационная воронка,2014,4,full,Урон; Спасбросок,"Проверены атака или спасбросок, формула и типы урона, усиление, применение результата к целям из хроники. Геометрия, перемещение, освещение и воздействие на декорации остаются у мастера и не снижают статус.",Сцена и геометрия,True
1217,Гравитационный разлом,2014,6,partial,Урон; Спасбросок,"Поддержаны формулы бросков, спасбросок со Сл и групповые результаты. Требуется отдельное разрешение: описанное воздействие на цели, предметы или окружение.",Решение по описанию,False
1022,Град,2014,4,full,Урон; Спасбросок,"Проверены атака или спасбросок, формула и типы урона, усиление, применение результата к целям из хроники. Геометрия, перемещение, освещение и воздействие на декорации остаются у мастера и не снижают статус.",Сцена и геометрия,True
6124,Град,2024,4,full,Урон; Спасбросок,"Правила 2024: типизированный урон, усиление, спасбросок и применение полного/половинного урона либо избегание через хронику. Геометрию, перемещения и воздействие на декорации определяет мастер.",Сцена и геометрия,True
567,Град шипов,2014,1,partial,Урон; Спасбросок; Концентрация и связанные эффекты,"Поддержаны формулы бросков, спасбросок со Сл и групповые результаты. Требуется отдельное разрешение: Изменение конкретного оружия и условия попадания.",Изменение выбранного оружия,False
6125,Град шипов,2024,1,full,Урон; Спасбросок,"Правила 2024: типизированная формула, усиление и спасбросок нужного этапа, применение урона в хронике. Геометрию и перемещение определяет мастер.",Создание предмета,False
1297,Град щитов,2014,7,none,Концентрация и связанные эффекты,Требуется отдельное разрешение: Условные сопротивления и иммунитеты.,Решение по описанию,False
6126,Грёзы,2024,5,none,,Правила PHB 2024. Применение особенностей по описанию; автоматизация этой версии не настроена.,Условия и состояния; Контекст броска/применения,False
1023,Гремлины,2014,4,partial,Урон; Спасбросок; Концентрация и связанные эффекты,"Поддержаны формулы бросков, спасбросок со Сл и групповые результаты. Требуется отдельное разрешение: Повторные срабатывания и вход/выход из области; Контекстные бонусы и режимы бросков.",Повторные события; Контекст броска/применения,False
1387,Гроза гнева,2014,9,partial,Отдельные этапы; Концентрация и связанные эффекты,"Спасброски привязаны к отдельным этапам с правильной характеристикой и результатом успеха. Последовательность этапов, повторения и дополнительные состояния проверяются участниками.",Изменение выбранного оружия; Подконтрольные существа; Создание предмета; Сцена и геометрия,True
6127,Гроза гнева,2024,9,none,Концентрация и связанные эффекты,Правила PHB 2024. Применение особенностей по описанию; автоматизация этой версии не настроена.,Повторные события; Изменение выбранного оружия; Подконтрольные существа; Создание предмета; Сцена и геометрия,True
876,Громовая волна,2014,3,partial,Спасбросок; Отдельные этапы,"Добавлены отдельные формулы для описанных этапов; условный урон не применяется автоматически при сотворении. Порядок этапов, условия попадания в область, дополнительные состояния и их окончание контролируются участниками.",Сцена и геометрия,True
568,Громовая кара,2014,1,partial,Урон; Спасбросок; Концентрация и связанные эффекты,"Поддержаны формулы бросков, спасбросок со Сл и групповые результаты. Требуется отдельное разрешение: Изменение конкретного оружия и условия попадания.",Условия и состояния; Изменение выбранного оружия,False
6128,Громовая кара,2024,1,partial,Спасбросок; Отдельные этапы,"Правила 2024: дополнительный урон отделён от вторичного спасброска. Встраивание в выбранное оружие, удвоение костей при критическом попадании и условные состояния пока требуют отдельной настройки.",Условия и состояния,False
569,Громовой заряд,2014,1,partial,Урон,Поддержаны формулы бросков. Требуется отдельное разрешение: Изменение конкретного оружия и условия попадания.,Изменение выбранного оружия,False
472,Громовой клинок,2014,0,none,,Требуется отдельное разрешение: Изменение конкретного оружия и условия попадания.,Изменение выбранного оружия,False
473,Громовой клинок,2014,0,none,,"Требуется отдельное разрешение: описанное воздействие на цели, предметы или окружение.",Решение по описанию,False
719,Громовой топот,2014,2,partial,Отдельные этапы,"Поддержаны формулы бросков. Требуется отдельное разрешение: описанное воздействие на цели, предметы или окружение.",Расходы и восстановление,False
877,Громовой шаг,2014,3,full,Урон; Спасбросок,"Проверены атака или спасбросок, формула и типы урона, усиление, применение результата к целям из хроники. Геометрия, перемещение, освещение и воздействие на декорации остаются у мастера и не снижают статус.",Сцена и геометрия,True
570,Грузоподъёмность машины,2014,1,none,Концентрация и связанные эффекты,Требуется отдельное разрешение: Контекстные бонусы и режимы бросков.,Контекст броска/применения,False
1121,Далекий шаг,2014,5,none,Концентрация и связанные эффекты,Требуется отдельное разрешение: Перемещение и переходы между планами; Контекстные бонусы и режимы бросков.,Контекст броска/применения; Сцена и геометрия,True
720,Дар болтливости,2014,2,none,,"Требуется отдельное разрешение: описанное воздействие на цели, предметы или окружение.",Решение по описанию,False
571,Дар готовности,2014,1,full,Связанные эффекты,"Применение эффекта, длительность и заявленные бонусы поддержаны.",Решение по описанию,False
572,Дар Локи,2014,1,partial,Спасбросок; Связанные эффекты,Преимущество Обману и объявление спасброска поддержаны. Выбор тайны и отношение цели — вручную.,Контекст броска/применения,False
1122,Дар Хёда,2014,5,none,,"Требуется отдельное разрешение: описанное воздействие на цели, предметы или окружение.",Решение по описанию,False
1343,Движение мирового колеса,2014,8,partial,Спасбросок,Поддержаны спасбросок со Сл и групповые результаты. Требуется отдельное разрешение: Создание/контроль существ и их отдельные листы; Перемещение и переходы между планами.,Подконтрольные существа; Сцена и геометрия,True
1218,Движение почвы,2014,6,none,Концентрация и связанные эффекты,"Требуется отдельное разрешение: описанное воздействие на цели, предметы или окружение.",Сцена и геометрия,True
6129,Движение почвы,2024,6,none,Концентрация и связанные эффекты,Правила PHB 2024. Применение особенностей по описанию; автоматизация этой версии не настроена.,Сцена и геометрия,True
1298,Движущаяся стена,2014,7,partial,Отдельные этапы; Концентрация и связанные эффекты,"Урон отдельного попадания стены доступен. Нужен отдельный лист созданной стены, её атаки, хиты и команды.",Контекст броска/применения; Сцена и геометрия,True
1344,Двойник,2014,8,none,,"Требуется отдельное разрешение: описанное воздействие на цели, предметы или окружение.",Решение по описанию,False
1345,Демиплан,2014,8,none,,Требуется отдельное разрешение: Создание/контроль существ и их отдельные листы.,Решение по описанию,False
6130,Демиплан,2024,8,none,,Правила PHB 2024. Применение особенностей по описанию; автоматизация этой версии не настроена.,Решение по описанию,False
721,Дикая лоза,2014,2,partial,Спасбросок; Концентрация и связанные эффекты,"Поддержаны спасбросок со Сл и групповые результаты. Требуется отдельное разрешение: Превращение, характеристики формы и возврат исходного состояния; Контекстные бонусы и режимы бросков.",Контекст броска/применения,False
573,Дикая хитрость,2014,1,none,,Требуется отдельное разрешение: Контекстные бонусы и режимы бросков.,Контекст броска/применения,False
574,Диссонирующий шёпот,2014,1,partial,Урон; Спасбросок,"Поддержаны формулы бросков, спасбросок со Сл и групповые результаты. Требуется отдельное разрешение: описанное воздействие на цели, предметы или окружение.",Решение по описанию,False
6131,Диссонирующий шёпот,2024,1,full,Урон; Спасбросок,"Правила 2024: типизированная формула, усиление и спасбросок нужного этапа, применение урона в хронике. Геометрию и перемещение определяет мастер.",Решение по описанию,False
1123,Длань Бигби,2014,5,partial,Атака; Отдельные этапы; Концентрация и связанные эффекты,"Поддержаны формулы бросков, атака заклинанием. Требуется отдельное разрешение: Создание/контроль существ и их отдельные листы; Изменение максимума или связанных временных хитов; Контекстные бонусы и режимы бросков.",Хиты с источником; Контекст броска/применения; Сцена и геометрия,True
6132,Длань Бигби,2024,5,none,Концентрация и связанные эффекты,Правила PHB 2024. Применение особенностей по описанию; автоматизация этой версии не настроена.,Хиты с источником; Контекст броска/применения; Сцена и геометрия,True
1388,Длань Маммона,2014,9,partial,Отдельные этапы; Концентрация и связанные эффекты,"Поддержаны формулы бросков. Требуется отдельное разрешение: Условия наложения, снятия и последствия состояний; Повторные срабатывания и вход/выход из области.",Повторные события; Условия и состояния; Сцена и геометрия,True
878,Дневной свет,2014,3,none,,"Требуется отдельное разрешение: описанное воздействие на цели, предметы или окружение.",Сцена и геометрия,True
6133,Дневной свет,2024,3,none,,Правила PHB 2024. Применение особенностей по описанию; автоматизация этой версии не настроена.,Сцена и геометрия,True
474,Добродетель ,2014,0,partial,Отдельные этапы,Поддержаны формулы бросков. Требуется отдельное разрешение: Изменение максимума или связанных временных хитов.,Хиты с источником,False
6134,Добряника,2024,1,full,Создание предметов,"Создание 10 ягод, расход ячейки, лечение одной ягодой через общий usable и насыщение на день. По окончании 24 игровых часов владелец отмечает исчезновение остатка своей стопки. Переданные стопки имеют собственную отметку срока.",Создание предмета; Контекст броска/применения,False
1124,Дождь клинков,2014,5,partial,Урон; Спасбросок,"Поддержаны формулы бросков, спасбросок со Сл и групповые результаты. Требуется отдельное разрешение: Создание/контроль существ и их отдельные листы; Условия наложения, снятия и последствия состояний.",Условия и состояния; Сцена и геометрия,True
722,Дорога виноградных лоз,2014,2,none,,"Требуется отдельное разрешение: описанное воздействие на цели, предметы или окружение.",Решение по описанию,False
1346,Дорогостоящая победа,2014,8,partial,Спасбросок; Отдельные этапы,Добавлены отдельные формулы для описанных этапов; условный урон не применяется автоматически при сотворении. Триггер обнуления хитов союзника и тушение связанной цели контролируются участниками.,Повторные события,False
575,Доспех Агатиса,2014,1,partial,Отдельные этапы,Поддержаны формулы бросков. Требуется отдельное разрешение: Изменение максимума или связанных временных хитов.,Хиты с источником,False
6135,Доспех Агатиса,2024,1,none,,Правила PHB 2024. Применение особенностей по описанию; автоматизация этой версии не настроена.,Хиты с источником,False
576,Доспехи мага,2014,1,partial,Связанные эффекты,Формула КД действует без доспеха. Снятие эффекта при надевании доспеха — вручную.,Решение по описанию,False
6136,Доспехи мага,2024,1,none,,Правила PHB 2024. Применение особенностей по описанию; автоматизация этой версии не настроена.,Решение по описанию,False
475,Драконий рёв,2014,0,partial,Урон; Спасбросок,"Поддержаны формулы бросков, спасбросок со Сл и групповые результаты. Требуется отдельное разрешение: Условия наложения, снятия и последствия состояний.",Условия и состояния,False
577,Драконий удар,2014,1,partial,Урон; Спасбросок; Концентрация и связанные эффекты,"Поддержаны формулы бросков, спасбросок со Сл и групповые результаты. Требуется отдельное разрешение: описанное воздействие на цели, предметы или окружение.",Решение по описанию,False
1299,Драконоподобное превращение,2014,7,partial,Урон; Спасбросок; Концентрация и связанные эффекты,"Поддержаны формулы бросков, спасбросок со Сл и групповые результаты. Требуется отдельное разрешение: Условия наложения, снятия и последствия состояний; Контекстные бонусы и режимы бросков.",Условия и состояния; Контекст броска/применения; Сцена и геометрия,True
723,Дребезги,2014,2,partial,Урон; Спасбросок,"Поддержаны формулы бросков, спасбросок со Сл и групповые результаты. Требуется отдельное разрешение: Контекстные бонусы и режимы бросков.",Создание предмета; Контекст броска/применения; Сцена и геометрия,True
6137,Дребезги,2024,2,partial,Урон; Спасбросок,"Правила 2024: типизированная формула, усиление и спасбросок нужного этапа, применение урона в хронике. Помеху конструкта выбирает мастер.",Контекст броска/применения; Сцена и геометрия,True
1024,Древесный захват,2014,4,partial,Урон; Спасбросок; Концентрация и связанные эффекты,"Поддержаны формулы бросков, спасбросок со Сл и групповые результаты. Требуется отдельное разрешение: Условия наложения, снятия и последствия состояний.",Условия и состояния,False
578,Древесный мост,2014,1,none,,Требуется отдельное разрешение: Создание/контроль существ и их отдельные листы.,Решение по описанию,False
1125,Древесный путь,2014,5,none,Концентрация и связанные эффекты,"Требуется отдельное разрешение: описанное воздействие на цели, предметы или окружение.",Решение по описанию,False
6138,Древесный путь,2024,5,none,Концентрация и связанные эффекты,Правила PHB 2024. Применение особенностей по описанию; автоматизация этой версии не настроена.,Решение по описанию,False
879,Дрёма,2014,3,none,,Требуется отдельное разрешение: Контекстные бонусы и режимы бросков.,Расходы и восстановление; Контекст броска/применения,False
1025,Дробящие шестерни,2014,4,partial,Урон; Спасбросок; Концентрация и связанные эффекты,"Поддержаны формулы бросков, спасбросок со Сл и групповые результаты. Требуется отдельное разрешение: описанное воздействие на цели, предметы или окружение.",Условия и состояния; Сцена и геометрия,True
579,Дрожь земли,2014,1,partial,Урон; Спасбросок,"Поддержаны формулы бросков, спасбросок со Сл и групповые результаты. Требуется отдельное разрешение: описанное воздействие на цели, предметы или окружение.",Сцена и геометрия,True
1219,Дромиджево появление,2014,6,none,,"Требуется отдельное разрешение: описанное воздействие на цели, предметы или окружение.",Решение по описанию,False
476,Дружба,2014,0,none,Концентрация и связанные эффекты,Требуется отдельное разрешение: Контекстные бонусы и режимы бросков.,Контекст броска/применения,False
6139,Дружба,2024,0,none,Концентрация и связанные эффекты,Правила PHB 2024. Применение особенностей по описанию; автоматизация этой версии не настроена.,Условия и состояния; Снятие эффектов,False
580,Дружба с животными,2014,1,partial,Спасбросок; Связанные эффекты,"Поддержаны спасбросок со Сл и групповые результаты, применение связанного эффекта и концентрация. Требуется отдельное разрешение: Условия наложения, снятия и последствия состояний.",Условия и состояния,False
6140,Дружба с животными,2024,1,none,,Правила PHB 2024. Применение особенностей по описанию; автоматизация этой версии не настроена.,Условия и состояния,False
477,Дубинка,2014,0,none,,"Требуется отдельное разрешение: описанное воздействие на цели, предметы или окружение.",Решение по описанию,False
6141,Дубинка,2024,0,none,,Правила PHB 2024. Применение особенностей по описанию; автоматизация этой версии не настроена.,Решение по описанию,False
6142,Дубовая кожа,2024,2,full,Связанные эффекты,"Применение к согласной цели, минимум итогового КД 17 после щита и бонусов у персонажей и НПС. Длительность 1 час; без концентрации.",Решение по описанию,False
724,Дубовая кора,2014,2,full,Связанные эффекты; Концентрация и связанные эффекты,"Применение к согласной цели, минимум итогового КД 16 после щита и бонусов у персонажей и НПС. Длительность 1 час и связь с концентрацией.",Решение по описанию,False
581,Дуновение,2014,1,none,,Требуется отдельное разрешение: Повторные срабатывания и вход/выход из области.,Повторные события,False
1026,Дух Смерти,2014,4,none,Концентрация и связанные эффекты,"Требуется отдельное разрешение: описанное воздействие на цели, предметы или окружение.",Смерть и её предотвращение,False
1027,Дух Смерти,2014,4,none,Концентрация и связанные эффекты,"Требуется отдельное разрешение: описанное воздействие на цели, предметы или окружение.",Решение по описанию,False
6143,Духовное оружие,2024,2,none,Концентрация и связанные эффекты,Правила PHB 2024. Применение особенностей по описанию; автоматизация этой версии не настроена.,Подконтрольные существа; Создание предмета; Контекст броска/применения,False
1126,Духовное разделение,2014,5,full,Урон; Спасбросок; Связанные эффекты; Повторный спасбросок,"Применение эффекта, модификаторы и повторный спасбросок в конце хода со Сл источника; успех автоматически снимает эффект. Проверены первоначальный спасбросок, формулы при наличии и сохранение результата в хронике.",Повторные события; Контекст броска/применения; Сцена и геометрия,True
880,Духовные стражи,2014,3,partial,Урон; Спасбросок; Концентрация и связанные эффекты,"Поддержаны формулы бросков, спасбросок со Сл и групповые результаты. Требуется отдельное разрешение: описанное воздействие на цели, предметы или окружение.",Повторные события; Сцена и геометрия,True
6144,Духовные стражи,2024,3,none,Концентрация и связанные эффекты,Правила PHB 2024. Применение особенностей по описанию; автоматизация этой версии не настроена.,Решение по описанию,False
725,Дыхание Борея,2014,2,partial,Отдельные этапы,"Поддержаны отдельные формулы урона в конце хода и объявление спасброска Ловкости Сл 10 на льду. Захват, удушение, проверки Силы для освобождения и разрушение льда остаются отдельными действиями мастера.",Повторные события; Условия и состояния; Сцена и геометрия,True
726,Дыхание дракона,2014,2,partial,Урон; Спасбросок; Выбор типа урона; Концентрация и связанные эффекты,"Выбор типа урона, типизированная формула, цвет костей и применение защит цели поддержаны. Наделение другого существа действием дыхания и его повторения пока вручную.",Сцена и геометрия,True
6145,Дыхание дракона,2024,2,none,Концентрация и связанные эффекты,Правила PHB 2024. Применение особенностей по описанию; автоматизация этой версии не настроена.,Сцена и геометрия,True
1127,Дыхание могучего дракона,2014,5,partial,Отдельные этапы; Концентрация и связанные эффекты,"Выбор типа урона, типизированная формула, цвет костей и применение защит цели поддержаны. Доступны тип дыхания и бросок перезарядки. Выбранный дракон, форма области и готовность повторного дыхания контролируются участниками.",Повторные события; Контекст броска/применения; Сцена и геометрия,True
727,Дьявольская плоть,2014,2,full,Связанные эффекты; Концентрация и связанные эффекты,"Применение эффекта, длительность и заявленные бонусы поддержаны.",Решение по описанию,False
1347,Едкий ливень,2014,8,partial,Урон; Спасбросок,"Поддержаны формулы бросков, спасбросок со Сл и групповые результаты. Требуется отдельное разрешение: Условия наложения, снятия и последствия состояний; Повторные срабатывания и вход/выход из области.",Повторные события; Условия и состояния; Сцена и геометрия,True
1028,Едкий шар,2014,4,partial,Спасбросок; Отдельные этапы,"Спасброски привязаны к отдельным этапам с правильной характеристикой и результатом успеха. Последовательность этапов, повторения и дополнительные состояния проверяются участниками.",Повторные события; Сцена и геометрия,True
6146,Едкий шар,2024,4,full,Урон; Спасбросок; Отдельные этапы,"Правила 2024: первоначальные 10к4 (+2к4 за круг), спасбросок Ловкости и половина при успехе; отдельные 5к4 в конце следующего хода только при провале. Момент повторного урона отмечается вручную.",Повторные события; Сцена и геометрия,True
582,Едкое варево Таши,2014,1,partial,Урон; Спасбросок; Концентрация и связанные эффекты,"Поддержаны формулы бросков, спасбросок со Сл и групповые результаты. Требуется отдельное разрешение: Повторные срабатывания и вход/выход из области.",Повторные события,False
6147,Желание,2024,9,none,,Правила PHB 2024. Применение особенностей по описанию; автоматизация этой версии не настроена.,Создание предмета; Расходы и восстановление; Контекст броска/применения,False
478,Железный кулак,2014,0,none,Концентрация и связанные эффекты,"Требуется отдельное разрешение: Превращение, характеристики формы и возврат исходного состояния.",Решение по описанию,False
728,Животные чувства,2014,2,none,Концентрация и связанные эффекты,"Требуется отдельное разрешение: Условия наложения, снятия и последствия состояний; Контекстные бонусы и режимы бросков.",Условия и состояния; Контекст броска/применения,False
6148,Животные чувства,2024,2,none,Концентрация и связанные эффекты,Правила PHB 2024. Применение особенностей по описанию; автоматизация этой версии не настроена.,Контекст броска/применения,False
1128,Живые тени,2014,5,none,,Требуется отдельное разрешение: Несколько разных спасбросков: этапы и цели нельзя смешивать; Повторные срабатывания и вход/выход из области.,Повторные события; Сцена и геометрия,True
881,Жуткий вопль,2014,3,partial,Урон; Спасбросок,"Поддержаны формулы бросков, спасбросок со Сл и групповые результаты. Требуется отдельное разрешение: Условия наложения, снятия и последствия состояний; Повторные срабатывания и вход/выход из области.",Повторные события,False
583,Жуткий смех Таши,2014,1,partial,Спасбросок; Концентрация и связанные эффекты,"Поддержаны спасбросок со Сл и групповые результаты. Требуется отдельное разрешение: Условия наложения, снятия и последствия состояний; Повторные срабатывания и вход/выход из области; Контекстные бонусы и режимы бросков.",Повторные события; Условия и состояния; Контекст броска/применения,False
6149,Жуткий смех Таши,2024,1,none,Концентрация и связанные эффекты,Правила PHB 2024. Применение особенностей по описанию; автоматизация этой версии не настроена.,Повторные события; Условия и состояния; Контекст броска/применения,False
729,Завеса стрел,2014,2,partial,Урон; Спасбросок,"Поддержаны формулы бросков, спасбросок со Сл и групповые результаты. Требуется отдельное разрешение: описанное воздействие на цели, предметы или окружение.",Повторные события; Сцена и геометрия,True
6150,Завеса стрел,2024,2,none,,Правила PHB 2024. Применение особенностей по описанию; автоматизация этой версии не настроена.,Повторные события; Расходы и восстановление,False
730,Заводной ключ,2014,2,none,Концентрация и связанные эффекты,"Требуется отдельное разрешение: описанное воздействие на цели, предметы или окружение.",Решение по описанию,False
584,Заволакивающая тьма,2014,1,partial,Урон; Атака; Спасбросок,Урон применяется независимо от спасброска. Спасбросок объявляется отдельно для дополнительного эффекта или его окончания; условия и повторные срабатывания требуют контроля участников.,Сцена и геометрия,True
1129,Завывание в лабиринте,2014,5,partial,Спасбросок; Отдельные этапы,"Поддержаны формулы бросков, спасбросок со Сл и групповые результаты. Требуется отдельное разрешение: описанное воздействие на цели, предметы или окружение.",Условия и состояния,False
1029,Загнивающая чешуя,2014,4,partial,Спасбросок; Концентрация и связанные эффекты,Поддержаны спасбросок со Сл и групповые результаты. Требуется отдельное разрешение: Создание/контроль существ и их отдельные листы; Условные сопротивления и иммунитеты; Контекстные бонусы и режимы бросков.,Подконтрольные существа; Контекст броска/применения,False
1220,Заданная иллюзия,2014,6,none,,Требуется отдельное разрешение: Создание/контроль существ и их отдельные листы.,Подконтрольные существа; Создание предмета; Сцена и геометрия,True
6151,Заданная иллюзия,2024,6,none,,Правила PHB 2024. Применение особенностей по описанию; автоматизация этой версии не настроена.,Подконтрольные существа; Создание предмета; Сцена и геометрия,True
731,Заимствованные знания,2014,2,partial,Связанные эффекты,Владение выбранным навыком применяется. Исходное отсутствие владения и замена прежнего варианта подтверждаются вручную.,Решение по описанию,False
732,Заклинивание доспеха,2014,2,partial,Спасбросок; Концентрация и связанные эффекты,"Поддержаны спасбросок со Сл и групповые результаты. Требуется отдельное разрешение: Условия наложения, снятия и последствия состояний; Повторные срабатывания и вход/выход из области; Контекстные бонусы и режимы бросков.",Повторные события; Условия и состояния; Контекст броска/применения; Сцена и геометрия,True
882,Замедление,2014,3,partial,Спасбросок; Связанные эффекты; Повторный спасбросок; Концентрация и связанные эффекты,"Применение эффекта, модификаторы и повторный спасбросок в конце хода со Сл источника; успех автоматически снимает эффект. Задержка сотворения, ограничения действий/реакций и уменьшение скорости ещё требуют доработки.",Повторные события; Контекст броска/применения; Сцена и геометрия,True
6152,Замедление,2024,3,none,Концентрация и связанные эффекты,Правила PHB 2024. Применение особенностей по описанию; автоматизация этой версии не настроена.,Повторные события; Контекст броска/применения; Сцена и геометрия,True
1300,Замедленный огненный шар,2014,7,partial,Урон; Спасбросок; Концентрация и связанные эффекты,"Поддержаны формулы бросков, спасбросок со Сл и групповые результаты. Требуется отдельное разрешение: Повторные срабатывания и вход/выход из области.",Повторные события; Сцена и геометрия,True
6153,Замедленный огненный шар,2024,7,none,Концентрация и связанные эффекты,Правила PHB 2024. Применение особенностей по описанию; автоматизация этой версии не настроена.,Сцена и геометрия,True
6154,Замешательство,2024,8,partial,Урон; Спасбросок,"Правила 2024: типизированная формула, усиление и спасбросок нужного этапа, применение урона в хронике. Запрет магии и многодневное снятие пока вручную.",Повторные события,False
585,Заморозить питьё,2014,1,none,,"Требуется отдельное разрешение: описанное воздействие на цели, предметы или окружение.",Решение по описанию,False
1030,Запечатывание врат,2014,4,none,,"Требуется отдельное разрешение: описанное воздействие на цели, предметы или окружение.",Сцена и геометрия,True
1031,Записать память,2014,4,none,,"Требуется отдельное разрешение: описанное воздействие на цели, предметы или окружение.",Решение по описанию,False
1221,Запрет,2014,6,partial,Урон; Выбор типа урона,"Выбор типа урона, типизированная формула, цвет костей и применение защит цели поддержаны. Урон выбранного вида поддержан. Допустимые виды существ, пароль, барьер перемещения и постоянство области пока вручную.",Повторные события; Сцена и геометрия,True
6155,Запрет,2024,6,none,,Правила PHB 2024. Применение особенностей по описанию; автоматизация этой версии не настроена.,Повторные события; Сцена и геометрия,True
733,Заражающий удар,2014,2,partial,Урон; Спасбросок; Концентрация и связанные эффекты,"Поддержаны формулы бросков, спасбросок со Сл и групповые результаты. Требуется отдельное разрешение: Условия наложения, снятия и последствия состояний; Изменение конкретного оружия и условия попадания.",Условия и состояния; Изменение выбранного оружия,False
1130,Заражение,2014,5,partial,Атака; Спасбросок,"Поддержаны атака заклинанием, спасбросок со Сл и групповые результаты. Требуется отдельное разрешение: Условия наложения, снятия и последствия состояний; Повторные срабатывания и вход/выход из области; Контекстные бонусы и режимы бросков.",Повторные события; Накопление результатов; Условия и состояния; Снятие эффектов; Связь целей; Контекст броска/применения,False
6156,Заражение,2024,5,none,,Правила PHB 2024. Применение особенностей по описанию; автоматизация этой версии не настроена.,Повторные события; Накопление результатов; Условия и состояния; Контекст броска/применения,False
883,Заросли терновника,2014,3,partial,Спасбросок; Отдельные этапы; Концентрация и связанные эффекты,"Добавлены отдельные формулы для описанных этапов; условный урон не применяется автоматически при сотворении. Порядок этапов, условия попадания в область, дополнительные состояния и их окончание контролируются участниками.",Повторные события; Условия и состояния; Подконтрольные существа; Сцена и геометрия,True
884,Застывшие лезвия,2014,3,partial,Урон; Спасбросок; Концентрация и связанные эффекты,"Поддержаны формулы бросков, спасбросок со Сл и групповые результаты. Требуется отдельное разрешение: Повторные срабатывания и вход/выход из области.",Сцена и геометрия,True
1389,Заточение,2014,9,partial,Спасбросок,"Поддержаны спасбросок со Сл и групповые результаты. Требуется отдельное разрешение: Создание/контроль существ и их отдельные листы; Перемещение и переходы между планами; Условия наложения, снятия и последствия состояний.",Условия и состояния; Подконтрольные существа; Создание предмета; Сцена и геометрия,True
6157,Заточение,2024,9,none,,Правила PHB 2024. Применение особенностей по описанию; автоматизация этой версии не настроена.,Условия и состояния; Подконтрольные существа; Сцена и геометрия,True
479,Зашифровать мысли,2014,0,none,,"Требуется отдельное разрешение: описанное воздействие на цели, предметы или окружение.",Создание предмета,False
480,Зашифровать/расшифровать,2014,0,none,,"Требуется отдельное разрешение: описанное воздействие на цели, предметы или окружение.",Решение по описанию,False
885,Защита от баллистики,2014,3,none,Концентрация и связанные эффекты,Требуется отдельное разрешение: Условные сопротивления и иммунитеты.,Решение по описанию,False
586,Защита от добра и зла,2014,1,none,Концентрация и связанные эффекты,"Требуется отдельное разрешение: Условия наложения, снятия и последствия состояний; Контекстные бонусы и режимы бросков.",Условия и состояния; Контекст броска/применения,False
6158,Защита от добра и зла,2024,1,none,Концентрация и связанные эффекты,Правила PHB 2024. Применение особенностей по описанию; автоматизация этой версии не настроена.,Условия и состояния; Контекст броска/применения,False
481,Защита от оружия,2014,0,none,,Требуется отдельное разрешение: Условные сопротивления и иммунитеты; Изменение конкретного оружия и условия попадания.,Изменение выбранного оружия,False
6159,Защита от оружия,2024,0,none,Концентрация и связанные эффекты,Правила PHB 2024. Применение особенностей по описанию; автоматизация этой версии не настроена.,Контекст броска/применения,False
587,Защита от пустоты,2014,1,partial,Связанные эффекты; Концентрация и связанные эффекты,Сопротивления применяются. Преимущество только против заклинаний Бездны выбирается вручную.,Контекст броска/применения,False
1032,Защита от смерти,2014,4,partial,Связанные эффекты,Эффект и длительность поддержаны. Особые условия и последствия разрешаются вручную по описанию.,Смерть и её предотвращение,False
6160,Защита от смерти,2024,4,none,,Правила PHB 2024. Применение особенностей по описанию; автоматизация этой версии не настроена.,Смерть и её предотвращение,False
886,Защита от энергии,2014,3,full,Связанные эффекты; Концентрация и связанные эффекты,"Применение эффекта, длительность и заявленные бонусы поддержаны.",Решение по описанию,False
6161,Защита от энергии,2024,3,full,Связанные эффекты; Концентрация и связанные эффекты,"Правила 2024: применение эффекта, длительность, модификаторы и число целей; связь с концентрацией.",Решение по описанию,False
734,Защита от яда,2014,2,partial,Связанные эффекты,Сопротивление яду применяется. Выбор нейтрализуемого яда и преимущество только против отравления — вручную.,Условия и состояния; Случайный результат; Контекст броска/применения,False
6162,Защита от яда,2024,2,none,,Правила PHB 2024. Применение особенностей по описанию; автоматизация этой версии не настроена.,Условия и состояния; Снятие эффектов; Контекст броска/применения,False
735,Защитный ветер,2014,2,none,Концентрация и связанные эффекты,"Требуется отдельное разрешение: Условия наложения, снятия и последствия состояний; Контекстные бонусы и режимы бросков.",Условия и состояния; Контекст броска/применения; Сцена и геометрия,True
1301,Звёздное зрение,2014,7,partial,Спасбросок; Концентрация и связанные эффекты,Поддержаны спасбросок со Сл и групповые результаты. Требуется отдельное разрешение: Повторные срабатывания и вход/выход из области.,Повторные события,False
482,Звёздный взрыв,2014,0,full,Урон; Спасбросок,"Проверены атака или спасбросок, формула и типы урона, усиление, применение результата к целям из хроники. Геометрия, перемещение, освещение и воздействие на декорации остаются у мастера и не снижают статус.",Решение по описанию,False
1131,Звёздный дождь,2014,5,partial,Урон; Спасбросок,"Поддержаны формулы бросков, спасбросок со Сл и групповые результаты. Требуется отдельное разрешение: описанное воздействие на цели, предметы или окружение.",Решение по описанию,False
6163,Звёздный светлячок,2024,0,partial,Урон; Атака,"Правила 2024: атака или спасбросок, усиление, тип урона и применение результата. Попадание; до конца следующего хода заклинателя цель не получает преимуществ невидимости. Дополнительное ограничение пока соблюдается участниками.",Контекст броска/применения; Сцена и геометрия,True
588,Звериные узы,2014,1,none,Концентрация и связанные эффекты,"Требуется отдельное разрешение: Условия наложения, снятия и последствия состояний; Контекстные бонусы и режимы бросков.",Условия и состояния; Контекст броска/применения,False
887,Звуковая волна,2014,3,partial,Урон; Спасбросок,"Поддержаны формулы бросков, спасбросок со Сл и групповые результаты. Требуется отдельное разрешение: Условия наложения, снятия и последствия состояний; Повторные срабатывания и вход/выход из области.",Повторные события; Условия и состояния; Сцена и геометрия,True
736,Звукосотрясение,2014,2,partial,Урон; Спасбросок,"Поддержаны формулы бросков, спасбросок со Сл и групповые результаты. Требуется отдельное разрешение: описанное воздействие на цели, предметы или окружение.",Условия и состояния; Сцена и геометрия,True
1348,Землетрясение,2014,8,none,Концентрация и связанные эффекты,Требуется отдельное разрешение: Несколько разных спасбросков: этапы и цели нельзя смешивать; Создание/контроль существ и их отдельные листы; Повторные срабатывания и вход/выход из области.,Повторные события; Сцена и геометрия,True
6164,Землетрясение,2024,8,none,Концентрация и связанные эффекты,Правила PHB 2024. Применение особенностей по описанию; автоматизация этой версии не настроена.,Повторные события; Условия и состояния; Сцена и геометрия,True
737,Земляная хватка Максимилиана,2014,2,partial,Спасбросок; Отдельные этапы; Концентрация и связанные эффекты,"Захват и сдавливание разделены: успех первого спасброска отменяет урон, успех второго делит его пополам. Опутывание и освобождение проверкой Силы пока вручную.",Условия и состояния; Сцена и геометрия,True
1222,Земляной червь,2014,6,partial,Атака; Спасбросок; Отдельные этапы; Концентрация и связанные эффекты,"Добавлены отдельные формулы для описанных этапов; условный урон не применяется автоматически при сотворении. Порядок этапов, условия попадания в область, дополнительные состояния и их окончание контролируются участниками.",Повторные события; Условия и состояния; Контекст броска/применения,False
483,Злая насмешка,2014,0,partial,Урон; Спасбросок; Связанные эффекты,"Применяются связанные эффекты и указанные в них модификаторы. Условия наложения, повторные спасброски и снятие по ходу боя проверяются участниками.",Контекст броска/применения,False
6165,Злая насмешка,2024,0,full,Урон; Спасбросок; Связанные эффекты,"Правила 2024: атака или спасбросок, усиление, тип урона и применение результата. Провал спасброска Мудрости. Связанный эффект применяется из хроники.",Контекст броска/применения,False
888,Злобное оружие,2014,3,partial,Спасбросок; Концентрация и связанные эффекты,Поддержаны спасбросок со Сл и групповые результаты. Требуется отдельное разрешение: Создание/контроль существ и их отдельные листы; Контекстные бонусы и режимы бросков.,Связь целей; Подконтрольные существа; Контекст броска/применения,False
889,Зловонное облако,2014,3,partial,Спасбросок; Концентрация и связанные эффекты,Поддержаны спасбросок со Сл и групповые результаты. Требуется отдельное разрешение: Создание/контроль существ и их отдельные листы; Повторные срабатывания и вход/выход из области; Условные сопротивления и иммунитеты.,Повторные события; Сцена и геометрия,True
6166,Зловонное облако,2024,3,none,Концентрация и связанные эффекты,Правила PHB 2024. Применение особенностей по описанию; автоматизация этой версии не настроена.,Условия и состояния; Контекст броска/применения; Сцена и геометрия,True
589,Злополучное слово,2014,1,none,,"Требуется отдельное разрешение: описанное воздействие на цели, предметы или окружение.",Решение по описанию,False
890,Змеиный язык,2014,3,partial,Урон; Атака; Спасбросок; Связанные эффекты; Повторный спасбросок,"Применение эффекта, модификаторы и повторный спасбросок в конце хода со Сл источника; успех автоматически снимает эффект. Повторное применение атаки бонусным действием и иммунитет к отравлению проверяются участниками.",Повторные события; Условия и состояния; Контекст броска/применения,False
1302,Знак,2014,7,none,,"Требуется отдельное разрешение: Несколько разных спасбросков: этапы и цели нельзя смешивать; Условия наложения, снятия и последствия состояний; Контекстные бонусы и режимы бросков.",Повторные события; Условия и состояния; Контекст броска/применения; Сцена и геометрия,True
6167,Знак,2024,7,none,,Правила PHB 2024. Применение особенностей по описанию; автоматизация этой версии не настроена.,Повторные события; Условия и состояния; Контекст броска/применения; Сцена и геометрия,True
1132,Знание легенд,2014,5,none,,"Требуется отдельное разрешение: описанное воздействие на цели, предметы или окружение.",Создание предмета,False
6168,Знание легенд,2024,5,none,,Правила PHB 2024. Применение особенностей по описанию; автоматизация этой версии не настроена.,Создание предмета,False
590,Идентификационные нашептывания,2014,1,partial,Урон; Спасбросок; Концентрация и связанные эффекты,"Поддержаны формулы бросков, спасбросок со Сл и групповые результаты. Требуется отдельное разрешение: Условия наложения, снятия и последствия состояний; Повторные срабатывания и вход/выход из области.",Повторные события; Условия и состояния,False
891,Извержение земли,2014,3,full,Урон; Спасбросок,"Проверены атака или спасбросок, формула и типы урона, усиление, применение результата к целям из хроники. Геометрия, перемещение, освещение и воздействие на декорации остаются у мастера и не снижают статус.",Сцена и геометрия,True
1223,Извлечение знаний,2014,6,none,,"Требуется отдельное разрешение: описанное воздействие на цели, предметы или окружение.",Решение по описанию,False
1033,Изгнание,2014,4,partial,Спасбросок; Концентрация и связанные эффекты,"Поддержаны спасбросок со Сл и групповые результаты. Требуется отдельное разрешение: Перемещение и переходы между планами; Условия наложения, снятия и последствия состояний.",Условия и состояния; Сцена и геометрия,True
6169,Изгнание,2024,4,none,Концентрация и связанные эффекты,Правила PHB 2024. Применение особенностей по описанию; автоматизация этой версии не настроена.,Условия и состояния; Сцена и геометрия,True
1133,Изгоняющая кара,2014,5,partial,Урон; Концентрация и связанные эффекты,"Поддержаны формулы бросков. Требуется отдельное разрешение: Условия наложения, снятия и последствия состояний; Изменение конкретного оружия и условия попадания.",Условия и состояния; Изменение выбранного оружия,False
6170,Изгоняющая кара,2024,5,none,Концентрация и связанные эффекты,Правила PHB 2024. Применение особенностей по описанию; автоматизация этой версии не настроена.,Условия и состояния,False
1034,Изготовление,2014,4,none,,"Требуется отдельное разрешение: Превращение, характеристики формы и возврат исходного состояния.",Сцена и геометрия,True
6171,Изготовление,2024,4,none,,Правила PHB 2024. Применение особенностей по описанию; автоматизация этой версии не настроена.,Сцена и геометрия,True
1134,Изменение памяти,2014,5,partial,Спасбросок; Концентрация и связанные эффекты,"Поддержаны спасбросок со Сл и групповые результаты. Требуется отдельное разрешение: Условия наложения, снятия и последствия состояний; Контекстные бонусы и режимы бросков.",Условия и состояния; Контекст броска/применения,False
6172,Изменение памяти,2024,5,none,Концентрация и связанные эффекты,Правила PHB 2024. Применение особенностей по описанию; автоматизация этой версии не настроена.,Условия и состояния; Снятие эффектов; Контекст броска/применения,False
484,Изменение растений,2014,0,none,,"Требуется отдельное разрешение: описанное воздействие на цели, предметы или окружение.",Сцена и геометрия,True
1303,Изменение тяготения,2014,7,partial,Спасбросок; Концентрация и связанные эффекты,"Поддержаны спасбросок со Сл и групповые результаты. Требуется отдельное разрешение: описанное воздействие на цели, предметы или окружение.",Решение по описанию,False
6173,Изменение тяготения,2024,7,none,Концентрация и связанные эффекты,Правила PHB 2024. Применение особенностей по описанию; автоматизация этой версии не настроена.,Решение по описанию,False
1035,Изменение формы камня,2014,4,none,,"Требуется отдельное разрешение: описанное воздействие на цели, предметы или окружение.",Решение по описанию,False
6174,Изменение формы камня,2024,4,none,,Правила PHB 2024. Применение особенностей по описанию; автоматизация этой версии не настроена.,Решение по описанию,False
892,Изобилие врагов,2014,3,partial,Спасбросок; Концентрация и связанные эффекты,Поддержаны спасбросок со Сл и групповые результаты. Требуется отдельное разрешение: Выбор результата по таблице/случайной ветке; Условные сопротивления и иммунитеты.,Связь целей; Случайный результат,False
1304,Изоляция,2014,7,none,,Требуется отдельное разрешение: Повторные срабатывания и вход/выход из области.,Решение по описанию,False
6175,Изоляция,2024,7,none,,Правила PHB 2024. Применение особенностей по описанию; автоматизация этой версии не настроена.,Решение по описанию,False
6176,Иллюзорные письмена,2024,1,none,,Правила PHB 2024. Применение особенностей по описанию; автоматизация этой версии не настроена.,Сцена и геометрия,True
1349,Иллюзорный дракон,2014,8,partial,Урон; Спасбросок; Выбор типа урона; Концентрация и связанные эффекты,"Выбор типа урона, типизированная формула, цвет костей и применение защит цели поддержаны. Урон дыхания поддержан. Испуг, повторные спасброски, распознавание иллюзии и преимущество против неё пока вручную.",Повторные события; Контекст броска/применения; Сцена и геометрия,True
485,Иней,2014,0,partial,Урон,"Поддержаны формулы бросков. Требуется отдельное разрешение: описанное воздействие на цели, предметы или окружение.",Решение по описанию,False
1135,Инфернальный зов,2014,5,none,Концентрация и связанные эффекты,Требуется отдельное разрешение: Условные сопротивления и иммунитеты; Контекстные бонусы и режимы бросков.,Контекст броска/применения,False
591,Искажение ценности,2014,1,none,,"Требуется отдельное разрешение: описанное воздействие на цели, предметы или окружение.",Сцена и геометрия,True
1224,Искатель сердец,2014,6,partial,Спасбросок; Концентрация и связанные эффекты,Поддержаны спасбросок со Сл и групповые результаты. Требуется отдельное разрешение: Расход и формулы от костей хитов цели/заклинателя; Повторные срабатывания и вход/выход из области.,Повторные события; Расходы и восстановление,False
592,Искусная острóта,2014,1,none,,"Требуется отдельное разрешение: Превращение, характеристики формы и возврат исходного состояния; Контекстные бонусы и режимы бросков.",Превращение; Контекст броска/применения,False
486,Искусство друидов,2014,0,none,,"Требуется отдельное разрешение: описанное воздействие на цели, предметы или окружение.",Сцена и геометрия,True
6177,Искусство друидов,2024,0,none,,Правила PHB 2024. Применение особенностей по описанию; автоматизация этой версии не настроена.,Сцена и геометрия,True
1136,Испепеление,2014,5,partial,Спасбросок; Отдельные этапы; Концентрация и связанные эффекты,"Спасброски привязаны к отдельным этапам с правильной характеристикой и результатом успеха. Последовательность этапов, повторения и дополнительные состояния проверяются участниками.",Повторные события; Сцена и геометрия,True
1390,Исполнение желаний,2014,9,none,,Требуется отдельное разрешение: Создание/контроль существ и их отдельные листы; Условные сопротивления и иммунитеты; Контекстные бонусы и режимы бросков.,Создание предмета; Контекст броска/применения,False
1036,Иссушающее дыхание,2014,4,partial,Урон; Спасбросок; Отдельные этапы,"Доступны 4к10 обычным целям и отдельный вариант 6к10 растениям, спасбросок Телосложения и половина урона при успехе. Тип цели выбирает мастер.",Сцена и геометрия,True
1391,Истинное воскрешение,2014,9,none,,"Требуется отдельное разрешение: описанное воздействие на цели, предметы или окружение.",Снятие эффектов,False
6178,Истинное воскрешение,2024,9,none,,Правила PHB 2024. Применение особенностей по описанию; автоматизация этой версии не настроена.,Снятие эффектов,False
1225,Истинное зрение,2014,6,partial,Связанные эффекты,"Применение эффекта, длительность и концентрация поддержаны. Сенсорные, языковые и пространственные последствия контролируются по описанию.",Решение по описанию,False
1392,Истинное превращение,2014,9,partial,Спасбросок; Концентрация и связанные эффекты,"Поддержаны спасбросок со Сл и групповые результаты. Требуется отдельное разрешение: Превращение, характеристики формы и возврат исходного состояния; Контекстные бонусы и режимы бросков.",Превращение; Контекст броска/применения,False
6179,Истинное превращение,2024,9,none,Концентрация и связанные эффекты,Правила PHB 2024. Применение особенностей по описанию; автоматизация этой версии не настроена.,Хиты с источником; Превращение; Расходы и восстановление; Контекст броска/применения,False
6180,Истинный взор,2024,6,none,,Правила PHB 2024. Применение особенностей по описанию; автоматизация этой версии не настроена.,Решение по описанию,False
1393,Источник Лей,2014,9,partial,Урон; Спасбросок,"Поддержаны формулы бросков, спасбросок со Сл и групповые результаты. Требуется отдельное разрешение: Условия наложения, снятия и последствия состояний; Повторные срабатывания и вход/выход из области.",Повторные события; Условия и состояния; Сцена и геометрия,True
6181,Источник лунного света,2024,4,none,Концентрация и связанные эффекты,Правила PHB 2024. Применение особенностей по описанию; автоматизация этой версии не настроена.,Условия и состояния; Сцена и геометрия,True
6182,Исцеление,2024,6,none,,Правила PHB 2024. Применение особенностей по описанию; автоматизация этой версии не настроена.,Хиты с источником; Условия и состояния; Расходы и восстановление,False
487,Исцеление древа,2014,0,partial,Формула лечения,Формула доступна для броска. Восстанавливает древесные объекты; проверка типа цели и их состояния нужна отдельно.,Решение по описанию,False
738,Исцеляющий дух,2014,2,partial,Формула лечения; Концентрация и связанные эффекты,"Формула доступна для броска. Отдельные срабатывания духа, ограничение числа использований и вход в его пространство.",Повторные события; Контекст броска/применения; Сцена и геометрия,True
1037,Кабинет Морденкайнена,2014,4,none,,Требуется отдельное разрешение: Создание/контроль существ и их отдельные листы; Перемещение и переходы между планами.,Сцена и геометрия,True
6183,Кабинет Морденкайнена,2024,4,none,,Правила PHB 2024. Применение особенностей по описанию; автоматизация этой версии не настроена.,Сцена и геометрия,True
1038,Каменная кожа,2014,4,none,Концентрация и связанные эффекты,Требуется отдельное разрешение: Условные сопротивления и иммунитеты.,Решение по описанию,False
6184,Каменная кожа,2024,4,none,Концентрация и связанные эффекты,Правила PHB 2024. Применение особенностей по описанию; автоматизация этой версии не настроена.,Решение по описанию,False
1137,Каменная стена,2014,5,partial,Спасбросок; Концентрация и связанные эффекты,"Поддержаны спасбросок со Сл и групповые результаты. Требуется отдельное разрешение: описанное воздействие на цели, предметы или окружение.",Создание предмета,False
6185,Каменная стена,2024,5,none,Концентрация и связанные эффекты,Правила PHB 2024. Применение особенностей по описанию; автоматизация этой версии не настроена.,Создание предмета,False
488,Каменный обстрел,2014,0,partial,Урон; Атака,"Поддержаны формулы бросков, атака заклинанием. Требуется отдельное разрешение: описанное воздействие на цели, предметы или окружение.",Решение по описанию,False
739,Каменный шпиль,2014,2,partial,Спасбросок; Концентрация и связанные эффекты,Поддержаны спасбросок со Сл и групповые результаты. Требуется отдельное разрешение: Контекстные бонусы и режимы бросков.,Условия и состояния; Контекст броска/применения,False
893,Кара Перуна,2014,3,partial,Урон; Спасбросок,"Поддержаны формулы бросков, спасбросок со Сл и групповые результаты. Требуется отдельное разрешение: Создание/контроль существ и их отдельные листы.",Решение по описанию,False
740,Карман на запястье,2014,2,none,Концентрация и связанные эффекты,"Требуется отдельное разрешение: описанное воздействие на цели, предметы или окружение.",Решение по описанию,False
894,Карточный домик,2014,3,partial,Отдельные этапы; Концентрация и связанные эффекты,Бросок обрушения доступен; строительство карточного дома и его разрушение разрешает мастер.,Решение по описанию,False
593,Катапульта,2014,1,full,Урон; Спасбросок,"Проверены атака или спасбросок, формула и типы урона, усиление, применение результата к целям из хроники. Геометрия, перемещение, освещение и воздействие на декорации остаются у мастера и не снижают статус.",Решение по описанию,False
1394,Квинтэссенция,2014,9,partial,Спасбросок; Связанные эффекты; Концентрация и связанные эффекты,"При сотворении на себя накладываются минимум итогового КД 20 и иммунитет некротическому урону. Спасброски Мудрости ауры объявляются отдельно; они не накладывают личное усиление на врага. Иммунитет страху, опутывание и невосприимчивость к повторной ауре требуют доработки.",Повторные события; Условия и состояния; Сцена и геометрия,True
741,Кипящее масло,2014,2,partial,Урон; Спасбросок; Концентрация и связанные эффекты,"Поддержаны формулы бросков, спасбросок со Сл и групповые результаты. Требуется отдельное разрешение: Создание/контроль существ и их отдельные листы.",Условия и состояния; Сцена и геометрия,True
6186,Кислотная стрела Мельфа,2024,2,partial,Урон; Атака; Отдельные этапы,Правила 2024: атака и отдельные формулы начального/последующего урона с усилением. При промахе половина только начального урона; мастер выбирает её в окне применения. Напоминание о позднем уроне пока вручную.,Повторные события,False
1138,Кислотный дождь,2014,5,partial,Спасбросок; Отдельные этапы; Концентрация и связанные эффекты,"Спасброски привязаны к отдельным этапам с правильной характеристикой и результатом успеха. Последовательность этапов, повторения и дополнительные состояния проверяются участниками.",Повторные события; Сцена и геометрия,True
594,Кислотный поток,2014,1,partial,Урон; Спасбросок; Концентрация и связанные эффекты,"Поддержаны формулы бросков, спасбросок со Сл и групповые результаты. Требуется отдельное разрешение: Повторные срабатывания и вход/выход из области.",Повторные события,False
742,Клеймящая кара,2014,2,partial,Урон; Концентрация и связанные эффекты,Поддержаны формулы бросков. Требуется отдельное разрешение: Изменение конкретного оружия и условия попадания.,Изменение выбранного оружия; Сцена и геометрия,True
1226,Клетка душ,2014,6,partial,Формула лечения,Формула доступна для броска. Захват души и шесть использований её свойств требуют отдельного ресурса.,Контекст броска/применения,False
895,Клинок гнева,2014,3,partial,Урон; Атака; Спасбросок; Концентрация и связанные эффекты,"Поддержаны формулы бросков, атака заклинанием, спасбросок со Сл и групповые результаты. Требуется отдельное разрешение: Условия наложения, снятия и последствия состояний; Контекстные бонусы и режимы бросков.",Условия и состояния; Контекст броска/применения,False
489,Клинок зелёного пламени,2014,0,none,,Требуется отдельное разрешение: Изменение конкретного оружия и условия попадания.,Изменение выбранного оружия,False
490,Клинок зелёного пламени,2014,0,none,,Требуется отдельное разрешение: Изменение конкретного оружия и условия попадания.,Изменение выбранного оружия,False
1039,Клинок моего брата,2014,4,none,Концентрация и связанные эффекты,Требуется отдельное разрешение: Контекстные бонусы и режимы бросков.,Контекст броска/применения,False
1395,Клинок разрушения,2014,9,partial,Урон; Концентрация и связанные эффекты,Поддержаны формулы бросков. Требуется отдельное разрешение: Создание/контроль существ и их отдельные листы; Контекстные бонусы и режимы бросков.,Контекст броска/применения,False
6187,Клон,2024,8,none,,Правила PHB 2024. Применение особенностей по описанию; автоматизация этой версии не настроена.,Сцена и геометрия,True
491,Клуб дыма,2014,0,partial,Спасбросок,"Поддержаны спасбросок со Сл и групповые результаты. Требуется отдельное разрешение: Условия наложения, снятия и последствия состояний.",Условия и состояния,False
896,Кованный барьер,2014,3,partial,Спасбросок; Концентрация и связанные эффекты,"Поддержаны спасбросок со Сл и групповые результаты. Требуется отдельное разрешение: Условия наложения, снятия и последствия состояний; Условные сопротивления и иммунитеты.",Условия и состояния,False
1139,Когти земляного дракона,2014,5,partial,Урон; Спасбросок,"Поддержаны формулы бросков, спасбросок со Сл и групповые результаты. Требуется отдельное разрешение: описанное воздействие на цели, предметы или окружение.",Условия и состояния,False
492,Когти тьмы,2014,0,partial,Урон; Атака; Концентрация и связанные эффекты,"Атака и 1к10 холодом за попадание поддержаны; с уровнем растёт число атак, а не урон одной. Действие с последовательностью атак и поддержание созданного оружия пока вручную.",Решение по описанию,False
1040,Колеблющееся мировоззрение,2014,4,partial,Спасбросок; Концентрация и связанные эффекты,Поддержаны спасбросок со Сл и групповые результаты. Требуется отдельное разрешение: Создание/контроль существ и их отдельные листы; Выбор результата по таблице/случайной ветке.,Случайный результат,False
595,Кольцо ветра,2014,1,none,,Требуется отдельное разрешение: Контекстные бонусы и режимы бросков; Изменение конкретного оружия и условия попадания.,Изменение выбранного оружия; Контекст броска/применения,False
596,Кольцо отталкивания,2014,1,partial,Урон; Спасбросок,Урон кольца не зависит от спасброска; отдельно объявляется спасбросок Силы против отталкивания. Запас 2 + 2 за круг колец и их расход пока вручную.,Решение по описанию,False
1227,Кольцо очарования,2014,6,none,,"Требуется отдельное разрешение: Условия наложения, снятия и последствия состояний.",Условия и состояния; Снятие эффектов,False
1396,Кольцо разрушения,2014,9,partial,Урон; Спасбросок; Выбор типа урона; Концентрация и связанные эффекты,"Выбор типа урона, типизированная формула, цвет костей и применение защит цели поддержаны. Добавлена формула 6к6 с выбором типа и спасброском Телосложения на половину. Повторные срабатывания и превращение в пепел при 0 хитах пока вручную.",Повторные события; Контекст броска/применения; Сцена и геометрия,True
597,Комариная погибель,2014,1,none,,"Требуется отдельное разрешение: описанное воздействие на цели, предметы или окружение.",Решение по описанию,False
897,Контрзаклинание,2014,3,none,,"Требуется отдельное разрешение: описанное воздействие на цели, предметы или окружение.",Решение по описанию,False
6188,Контрзаклинание,2024,3,none,,Правила PHB 2024. Применение особенностей по описанию; автоматизация этой версии не настроена.,Контекст броска/применения,False
1140,Конус холода,2014,5,full,Урон; Спасбросок,"Проверены атака или спасбросок, формула и типы урона, усиление, применение результата к целям из хроники. Геометрия, перемещение, освещение и воздействие на декорации остаются у мастера и не снижают статус.",Сцена и геометрия,True
6189,Конус холода,2024,5,full,Урон; Спасбросок,"Правила 2024: типизированный урон, усиление, спасбросок и применение полного/половинного урона либо избегание через хронику. Геометрию, перемещения и воздействие на декорации определяет мастер.",Сцена и геометрия,True
898,Конус шипов,2014,3,partial,Урон; Спасбросок; Связанные эффекты,Применяются связанные эффекты и указанные в них модификаторы. Уязвимости применяются; срок снятия не определён исходным описанием и требует решения мастера.,Сцена и геометрия,True
743,Копыта ярости,2014,2,none,Концентрация и связанные эффекты,"Требуется отдельное разрешение: описанное воздействие на цели, предметы или окружение.",Решение по описанию,False
744,Корона безумия,2014,2,partial,Спасбросок; Концентрация и связанные эффекты,"Поддержаны спасбросок со Сл и групповые результаты. Требуется отдельное разрешение: Условия наложения, снятия и последствия состояний; Повторные срабатывания и вход/выход из области.",Повторные события; Условия и состояния,False
6190,Корона безумия,2024,2,none,Концентрация и связанные эффекты,Правила PHB 2024. Применение особенностей по описанию; автоматизация этой версии не настроена.,Повторные события; Условия и состояния,False
1305,Корона звёзд,2014,7,partial,Урон; Атака,Урон одного снаряда поддержан и не увеличивается от круга. Круг увеличивает запас снарядов; его отдельный ресурс и расход требуют дополнительной механики.,Контекст броска/применения; Сцена и геометрия,True
1228,Корона света,2014,6,partial,Урон,Поддержаны формулы бросков. Требуется отдельное разрешение: Повторные срабатывания и вход/выход из области.,Повторные события; Сцена и геометрия,True
598,Корректировка позиции,2014,1,none,,Требуется отдельное разрешение: Перемещение и переходы между планами.,Сцена и геометрия,True
1229,Кости земли,2014,6,partial,Спасбросок; Отдельные этапы,"Добавлены отдельные формулы для описанных этапов; условный урон не применяется автоматически при сотворении. Порядок этапов, условия попадания в область, дополнительные состояния и их окончание контролируются участниками.",Условия и состояния; Сцена и геометрия,True
1350,Крадущаяся смерть,2014,8,partial,Спасбросок; Отдельные этапы; Концентрация и связанные эффекты,"Добавлены отдельные формулы для описанных этапов; условный урон не применяется автоматически при сотворении. Расход восьми Костей Хитов, накопительный порог смерти и три успешных спасброска пока вручную.",Накопление результатов; Расходы и восстановление; Контекст броска/применения,False
745,Кража жизни,2014,2,none,,Требуется отдельное разрешение: Расход и формулы от костей хитов цели/заклинателя; Изменение максимума или связанных временных хитов.,Хиты с источником; Расходы и восстановление,False
493,Крепкий росток,2014,0,partial,Спасбросок; Концентрация и связанные эффекты,Поддержаны спасбросок со Сл и групповые результаты. Требуется отдельное разрешение: Создание/контроль существ и их отдельные листы.,Подконтрольные существа,False
899,Крепость интеллекта,2014,3,full,Связанные эффекты; Концентрация и связанные эффекты,"Применение эффекта, длительность и заявленные бонусы поддержаны.",Контекст броска/применения,False
1230,Крик баньши,2014,6,partial,Спасбросок; Отдельные этапы,"Добавлены отдельные формулы для описанных этапов; условный урон не применяется автоматически при сотворении. Потеря половины текущих хитов при провале, испуг и иммунитеты типов существ требуют отдельного разрешения.",Повторные события; Условия и состояния; Сцена и геометрия,True
900,Кровавая марионетка,2014,3,partial,Спасбросок; Концентрация и связанные эффекты,Поддержаны спасбросок со Сл и групповые результаты. Требуется отдельное разрешение: Расход и формулы от костей хитов цели/заклинателя; Контекстные бонусы и режимы бросков.,Повторные события; Расходы и восстановление; Контекст броска/применения,False
746,Кровавый щит,2014,2,none,Концентрация и связанные эффекты,Требуется отдельное разрешение: Расход и формулы от костей хитов цели/заклинателя; Изменение максимума или связанных временных хитов.,Хиты с источником; Расходы и восстановление,False
901,Кровные узы,2014,3,none,,Требуется отдельное разрешение: Расход и формулы от костей хитов цели/заклинателя; Изменение максимума или связанных временных хитов.,Хиты с источником; Расходы и восстановление,False
1141,Кровопотеря,2014,5,partial,Спасбросок; Отдельные этапы; Концентрация и связанные эффекты,"Поддержаны формулы бросков, спасбросок со Сл и групповые результаты. Требуется отдельное разрешение: Условия наложения, снятия и последствия состояний; Повторные срабатывания и вход/выход из области.",Повторные события; Условия и состояния; Смерть и её предотвращение,False
747,Кровопускание,2014,2,partial,Урон; Спасбросок; Концентрация и связанные эффекты,"Поддержаны формулы бросков, спасбросок со Сл и групповые результаты. Требуется отдельное разрешение: Повторные срабатывания и вход/выход из области.",Повторные события,False
902,Крошечный слуга,2014,3,none,,"Требуется отдельное разрешение: Превращение, характеристики формы и возврат исходного состояния; Контекстные бонусы и режимы бросков.",Превращение; Контекст броска/применения,False
1142,Круг силы,2014,5,none,Концентрация и связанные эффекты,Требуется отдельное разрешение: Контекстные бонусы и режимы бросков.,Контекст броска/применения; Сцена и геометрия,True
6191,Круг силы,2024,5,none,Концентрация и связанные эффекты,Правила PHB 2024. Применение особенностей по описанию; автоматизация этой версии не настроена.,Контекст броска/применения,False
1231,Круг смерти,2014,6,full,Урон; Спасбросок,"Проверены атака или спасбросок, формула и типы урона, усиление, применение результата к целям из хроники. Геометрия, перемещение, освещение и воздействие на декорации остаются у мастера и не снижают статус.",Сцена и геометрия,True
6192,Круг смерти,2024,6,full,Урон; Спасбросок,"Правила 2024: типизированный урон, усиление, спасбросок и применение полного/половинного урона либо избегание через хронику. Геометрию, перемещения и воздействие на декорации определяет мастер.",Сцена и геометрия,True
1143,Круг телепортации,2014,5,none,,Требуется отдельное разрешение: Перемещение и переходы между планами.,Сцена и геометрия,True
6193,Круг телепортации,2024,5,none,,Правила PHB 2024. Применение особенностей по описанию; автоматизация этой версии не настроена.,Сцена и геометрия,True
903,Крутое течение,2014,3,partial,Отдельные этапы,"Доступен урон 3к8 при выборе крутого течения. Первоначальный спасбросок Силы, последующий спасбросок Телосложения для подводного течения, состояния и их снятие требуют отдельного разрешения.",Повторные события; Условия и состояния; Сцена и геометрия,True
748,Кручение,2014,2,partial,Спасбросок,Поддержаны спасбросок со Сл и групповые результаты. Требуется отдельное разрешение: Повторные срабатывания и вход/выход из области; Контекстные бонусы и режимы бросков.,Повторные события; Контекст броска/применения,False
1041,Крылья дэва,2014,4,partial,Урон; Спасбросок; Концентрация и связанные эффекты,"Поддержаны формулы бросков, спасбросок со Сл и групповые результаты. Требуется отдельное разрешение: Условия наложения, снятия и последствия состояний; Контекстные бонусы и режимы бросков.",Условия и состояния; Контекст броска/применения,False
1144,Кусачий мороз,2014,5,partial,Урон; Спасбросок; Концентрация и связанные эффекты,"Поддержаны формулы бросков, спасбросок со Сл и групповые результаты. Требуется отдельное разрешение: Создание/контроль существ и их отдельные листы; Повторные срабатывания и вход/выход из области; Условные сопротивления и иммунитеты.",Повторные события; Накопление результатов; Подконтрольные существа; Контекст броска/применения,False
1351,Лабиринт,2014,8,none,Концентрация и связанные эффекты,"Требуется отдельное разрешение: описанное воздействие на цели, предметы или окружение.",Решение по описанию,False
6194,Лабиринт,2024,8,none,Концентрация и связанные эффекты,Правила PHB 2024. Применение особенностей по описанию; автоматизация этой версии не настроена.,Решение по описанию,False
494,Лассо молнии,2014,0,partial,Урон; Спасбросок,"Поддержаны формулы бросков, спасбросок со Сл и групповые результаты. Требуется отдельное разрешение: Создание/контроль существ и их отдельные листы.",Подконтрольные существа,False
749,Левитация,2014,2,partial,Спасбросок; Концентрация и связанные эффекты,"Поддержаны спасбросок со Сл и групповые результаты. Требуется отдельное разрешение: описанное воздействие на цели, предметы или окружение.",Решение по описанию,False
6195,Левитация,2024,2,none,Концентрация и связанные эффекты,Правила PHB 2024. Применение особенностей по описанию; автоматизация этой версии не настроена.,Решение по описанию,False
904,Легион,2014,3,partial,Урон; Атака; Концентрация и связанные эффекты,"Поддержаны формулы бросков, атака заклинанием. Требуется отдельное разрешение: Создание/контроль существ и их отдельные листы; Повторные срабатывания и вход/выход из области.",Повторные события; Сцена и геометрия,True
495,Леденящее прикосновение,2014,0,partial,Урон; Атака,"Поддержаны формулы бросков, атака заклинанием. Требуется отдельное разрешение: Создание/контроль существ и их отдельные листы; Контекстные бонусы и режимы бросков.",Подконтрольные существа; Контекст броска/применения,False
6196,Леденящее прикосновение,2024,0,partial,Урон; Атака,"Правила 2024: атака или спасбросок, усиление, тип урона и применение результата. Попадание; до конца следующего хода заклинателя цель не восстанавливает ХП. Дополнительное ограничение пока соблюдается участниками.",Контекст броска/применения,False
905,Леденящий туман,2014,3,partial,Урон; Спасбросок; Концентрация и связанные эффекты,"Поддержаны формулы бросков, спасбросок со Сл и групповые результаты. Требуется отдельное разрешение: описанное воздействие на цели, предметы или окружение.",Повторные события; Сцена и геометрия,True
1232,Ледяная стена,2014,6,partial,Спасбросок; Отдельные этапы; Концентрация и связанные эффекты,"Спасброски привязаны к отдельным этапам с правильной характеристикой и результатом успеха. Последовательность этапов, повторения и дополнительные состояния проверяются участниками.",Повторные события; Сцена и геометрия,True
6197,Ледяная стена,2024,6,none,Концентрация и связанные эффекты,Правила PHB 2024. Применение особенностей по описанию; автоматизация этой версии не настроена.,Повторные события; Сцена и геометрия,True
1306,Ледяная хватка Пустоты,2014,7,partial,Урон; Спасбросок; Концентрация и связанные эффекты,"Поддержаны формулы бросков, спасбросок со Сл и групповые результаты. Требуется отдельное разрешение: Создание/контроль существ и их отдельные листы; Условия наложения, снятия и последствия состояний; Повторные срабатывания и вход/выход из области.",Повторные события; Условия и состояния; Подконтрольные существа,False
1352,Ледяной каскад,2014,8,partial,Урон; Спасбросок,"Поддержаны формулы бросков, спасбросок со Сл и групповые результаты. Требуется отдельное разрешение: Превращение, характеристики формы и возврат исходного состояния.",Сцена и геометрия,True
599,Ледяной кинжал,2014,1,partial,Атака; Спасбросок; Отдельные этапы,Попадание и урон области разделены; спасбросок привязан только к броску урона области. Выбор момента повторного срабатывания и контекстных преимуществ — вручную.,Подконтрольные существа,False
6198,Ледяной кинжал,2024,1,full,Урон; Атака; Отдельные этапы,Правила 2024: отдельное попадание 1к10 и взрыв 2к6 со спасброском Ловкости независимо от попадания. Усиливается только взрыв; формулы и применение этапов поддержаны.,Подконтрольные существа,False
6199,Ледяной шар Отилюка,2024,6,partial,Урон; Спасбросок,"Правила 2024: типизированная формула, усиление и спасбросок нужного этапа, применение урона в хронике. Отложенный переносимый шар, взрыв по таймеру и захват льдом ещё не автоматизированы.",Условия и состояния; Создание предмета; Сцена и геометрия,True
600,Ледяные пальцы,2014,1,full,Урон; Спасбросок,"Проверены атака или спасбросок, формула и типы урона, усиление, применение результата к целям из хроники. Геометрия, перемещение, освещение и воздействие на декорации остаются у мастера и не снижают статус.",Сцена и геометрия,True
1042,Леомундов потайной сундук,2014,4,none,,"Требуется отдельное разрешение: описанное воздействие на цели, предметы или окружение.",Повторные события; Сцена и геометрия,True
906,Леомундова хижина,2014,3,none,,"Требуется отдельное разрешение: описанное воздействие на цели, предметы или окружение.",Сцена и геометрия,True
496,Лепка земли,2014,0,none,,"Требуется отдельное разрешение: описанное воздействие на цели, предметы или окружение.",Сцена и геометрия,True
601,Лечащее слово,2014,1,full,Применение лечения,"Лечение, усиление за круг, модификатор, число целей и расход одной ячейки поддержаны. Допустимость цели определяется участниками.",Решение по описанию,False
6200,Лечащее слово,2024,1,full,Применение лечения,"Правила 2024: лечение 2к4 + модификатор заклинателя, +2к4 за круг выше; выбор до 1 целей, расход ячейки и результат в хронике.",Хиты с источником; Расходы и восстановление,False
602,Лечебный эликсир,2014,1,full,Формула лечения; Создание предметов,"Создание эликсира за 1 минуту, расход ячейки, применение 2к4 + 2 лечения позднее и расход предмета. Окончание 24 игровых часов отмечается на экземпляре.",Создание предмета,False
603,Лечение ран,2014,1,full,Применение лечения,"Лечение, усиление за круг, модификатор, число целей и расход одной ячейки поддержаны. Допустимость цели определяется участниками.",Решение по описанию,False
6201,Лечение ран,2024,1,full,Применение лечения,"Правила 2024: лечение 2к8 + модификатор заклинателя, +2к8 за круг выше; выбор до 1 целей, расход ячейки и результат в хронике.",Решение по описанию,False
1397,Линия боли,2014,9,partial,Спасбросок,Поддержаны спасбросок со Сл и групповые результаты. Требуется отдельное разрешение: Контекстные бонусы и режимы бросков.,Контекст броска/применения,False
1233,Линия разлома,2014,6,partial,Урон; Спасбросок,"Поддержаны формулы бросков, спасбросок со Сл и групповые результаты. Требуется отдельное разрешение: описанное воздействие на цели, предметы или окружение.",Сцена и геометрия,True
1398,Личина богов,2014,9,none,Концентрация и связанные эффекты,"Требуется отдельное разрешение: Превращение, характеристики формы и возврат исходного состояния; Условные сопротивления и иммунитеты.",Решение по описанию,False
750,Лунный луч,2014,2,partial,Урон; Спасбросок; Концентрация и связанные эффекты,"Поддержаны формулы бросков, спасбросок со Сл и групповые результаты. Требуется отдельное разрешение: Повторные срабатывания и вход/выход из области; Контекстные бонусы и режимы бросков.",Повторные события; Контекст броска/применения; Сцена и геометрия,True
6202,Лунный луч,2024,2,none,Концентрация и связанные эффекты,Правила PHB 2024. Применение особенностей по описанию; автоматизация этой версии не настроена.,Повторные события; Сцена и геометрия,True
604,Луч болезни,2014,1,partial,Урон; Атака; Спасбросок; Связанные эффекты,"Применяются связанные эффекты и указанные в них модификаторы. Условия наложения, повторные спасброски и снятие по ходу боя проверяются участниками.",Условия и состояния,False
6203,Луч болезни,2024,1,partial,Урон; Атака; Связанные эффекты,"Правила 2024: атака или спасбросок, усиление, тип урона и применение результата. Попадание; цель отравлена до конца следующего хода заклинателя. Связанный эффект применяется из хроники.",Условия и состояния,False
1043,Луч подавления жизни,2014,4,partial,Урон; Атака,"Поддержаны формулы бросков, атака заклинанием. Требуется отдельное разрешение: Изменение максимума или связанных временных хитов.",Хиты с источником; Расходы и восстановление,False
751,Луч слабости,2014,2,partial,Атака; Спасбросок; Концентрация и связанные эффекты,"Поддержаны атака заклинанием, спасбросок со Сл и групповые результаты. Требуется отдельное разрешение: Повторные срабатывания и вход/выход из области; Изменение конкретного оружия и условия попадания.",Повторные события; Изменение выбранного оружия,False
6204,Луч слабости,2024,2,none,Концентрация и связанные эффекты,Правила PHB 2024. Применение особенностей по описанию; автоматизация этой версии не настроена.,Повторные события; Контекст броска/применения,False
497,Луч холода,2014,0,partial,Урон; Атака; Связанные эффекты,"Применяются связанные эффекты и указанные в них модификаторы. Условия наложения, повторные спасброски и снятие по ходу боя проверяются участниками.",Решение по описанию,False
6205,Луч холода,2024,0,full,Урон; Атака; Связанные эффекты,"Правила 2024: атака или спасбросок, усиление, тип урона и применение результата. Попадание; скорость -10 до начала следующего хода заклинателя. Связанный эффект применяется из хроники.",Решение по описанию,False
1234,Магические врата,2014,6,none,Концентрация и связанные эффекты,Требуется отдельное разрешение: Создание/контроль существ и их отдельные листы; Перемещение и переходы между планами; Контекстные бонусы и режимы бросков.,Контекст броска/применения; Сцена и геометрия,True
6206,Магические врата,2024,6,none,Концентрация и связанные эффекты,Правила PHB 2024. Применение особенностей по описанию; автоматизация этой версии не настроена.,Контекст броска/применения,False
1044,Магический глаз,2014,4,none,Концентрация и связанные эффекты,Требуется отдельное разрешение: Создание/контроль существ и их отдельные листы.,Решение по описанию,False
6207,Магический глаз,2024,4,none,Концентрация и связанные эффекты,Правила PHB 2024. Применение особенностей по описанию; автоматизация этой версии не настроена.,Контекст броска/применения,False
907,Магический круг,2014,3,partial,Спасбросок,"Поддержаны спасбросок со Сл и групповые результаты. Требуется отдельное разрешение: Создание/контроль существ и их отдельные листы; Перемещение и переходы между планами; Условия наложения, снятия и последствия состояний.",Условия и состояния; Контекст броска/применения; Сцена и геометрия,True
6208,Магический круг,2024,3,none,,Правила PHB 2024. Применение особенностей по описанию; автоматизация этой версии не настроена.,Условия и состояния; Контекст броска/применения; Сцена и геометрия,True
1145,Магическое зеркало,2014,5,none,,"Требуется отдельное разрешение: описанное воздействие на цели, предметы или окружение.",Сцена и геометрия,True
1353,Магическое зрение,2014,8,none,Концентрация и связанные эффекты,Требуется отдельное разрешение: Контекстные бонусы и режимы бросков.,Контекст броска/применения,False
752,Магическое оружие,2014,2,partial,Связанные эффекты; Концентрация и связанные эффекты,Бонус применяется только к выбранному оружию. После применения выберите оружие в эффекте; признак магического оружия и специальные последствия — вручную.,Изменение выбранного оружия; Контекст броска/применения,False
6209,Магическое оружие,2024,2,none,,Правила PHB 2024. Применение особенностей по описанию; автоматизация этой версии не настроена.,Изменение выбранного оружия; Контекст броска/применения,False
498,Малая иллюзия,2014,0,none,,Требуется отдельное разрешение: Создание/контроль существ и их отдельные листы.,Подконтрольные существа; Создание предмета; Сцена и геометрия,True
6210,Малая иллюзия,2024,0,none,,Правила PHB 2024. Применение особенностей по описанию; автоматизация этой версии не настроена.,Создание предмета; Сцена и геометрия,True
1146,Маленькая смерть,2014,5,none,,Требуется отдельное разрешение: Изменение максимума или связанных временных хитов; Повторные срабатывания и вход/выход из области; Контекстные бонусы и режимы бросков.,Хиты с источником; Повторные события; Контекст броска/применения,False
753,Малое восстановление,2014,2,none,,"Требуется отдельное разрешение: Условия наложения, снятия и последствия состояний.",Условия и состояния,False
6211,Малое восстановление,2024,2,none,,Правила PHB 2024. Применение особенностей по описанию; автоматизация этой версии не настроена.,Условия и состояния; Снятие эффектов,False
1147,Малый импульс Лей,2014,5,partial,Спасбросок; Концентрация и связанные эффекты,Поддержаны спасбросок со Сл и групповые результаты. Требуется отдельное разрешение: Условные сопротивления и иммунитеты.,Сцена и геометрия,True
908,Малый лабиринт,2014,3,partial,Спасбросок; Отдельные этапы; Концентрация и связанные эффекты,Первоначальный спасбросок Интеллекта использует Сл заклинателя; последующие попытки выхода — отдельный этап со Сл 12. Перенос в лабиринт и возвращение цели пока разрешаются вручную.,Решение по описанию,False
909,Мантия крестоносца,2014,3,partial,Урон; Концентрация и связанные эффекты,Поддержаны формулы бросков. Требуется отдельное разрешение: Изменение конкретного оружия и условия попадания.,Повторные события; Изменение выбранного оружия,False
6212,Мантия крестоносца,2024,3,none,Концентрация и связанные эффекты,Правила PHB 2024. Применение особенностей по описанию; автоматизация этой версии не настроена.,Решение по описанию,False
605,Марионетка,2014,1,partial,Спасбросок,"Поддержаны спасбросок со Сл и групповые результаты. Требуется отдельное разрешение: Условия наложения, снятия и последствия состояний; Условные сопротивления и иммунитеты.",Условия и состояния,False
606,Маскировка,2014,1,none,,"Требуется отдельное разрешение: Превращение, характеристики формы и возврат исходного состояния.",Превращение; Сцена и геометрия,True
6213,Маскировка,2024,1,none,,Правила PHB 2024. Применение особенностей по описанию; автоматизация этой версии не настроена.,Сцена и геометрия,True
754,Матч-реванш,2014,2,none,,Требуется отдельное разрешение: Контекстные бонусы и режимы бросков.,Контекст броска/применения,False
607,Машинная речь,2014,1,none,,Требуется отдельное разрешение: Контекстные бонусы и режимы бросков.,Контекст броска/применения,False
910,Маяк надежды,2014,3,partial,Связанные эффекты; Концентрация и связанные эффекты,Преимущество спасброскам Мудрости применяется. Спасброски от смерти и максимизация входящего лечения — вручную.,Контекст броска/применения,False
6214,Маяк надежды,2024,3,none,Концентрация и связанные эффекты,Правила PHB 2024. Применение особенностей по описанию; автоматизация этой версии не настроена.,Контекст броска/применения,False
608,Маятник,2014,1,partial,Спасбросок; Концентрация и связанные эффекты,"Поддержаны спасбросок со Сл и групповые результаты. Требуется отдельное разрешение: описанное воздействие на цели, предметы или окружение.",Решение по описанию,False
911,Мгновенная лихорадка,2014,3,partial,Спасбросок; Отдельные этапы; Концентрация и связанные эффекты,"Поддержаны формулы бросков, спасбросок со Сл и групповые результаты. Требуется отдельное разрешение: Повторные срабатывания и вход/выход из области.",Повторные события,False
1045,Мгновенное осадное орудие,2014,4,none,,"Требуется отдельное разрешение: Превращение, характеристики формы и возврат исходного состояния.",Решение по описанию,False
1148,Мгновенное укрепление,2014,5,none,,"Требуется отдельное разрешение: Превращение, характеристики формы и возврат исходного состояния.",Сцена и геометрия,True
6215,Мгновенные вызовы Дромиджа,2024,6,none,,Правила PHB 2024. Применение особенностей по описанию; автоматизация этой версии не настроена.,Решение по описанию,False
755,Мельфова кислотная стрела,2014,2,partial,Атака; Отдельные этапы,"Поддержаны формулы бросков, атака заклинанием. Требуется отдельное разрешение: Повторные срабатывания и вход/выход из области.",Повторные события,False
912,Мельфовы маленькие метеоры,2014,3,partial,Урон; Спасбросок; Концентрация и связанные эффекты,"Поддержаны формулы бросков, спасбросок со Сл и групповые результаты. Требуется отдельное разрешение: Создание/контроль существ и их отдельные листы; Контекстные бонусы и режимы бросков.",Контекст броска/применения,False
1149,Ментальная связь Рэри,2014,5,none,,Требуется отдельное разрешение: Создание/контроль существ и их отдельные листы.,Подконтрольные существа,False
6216,Ментальная связь Рэри,2024,5,none,,Правила PHB 2024. Применение особенностей по описанию; автоматизация этой версии не настроена.,Подконтрольные существа,False
1235,Ментальная тюрьма,2014,6,partial,Спасбросок; Отдельные этапы; Концентрация и связанные эффекты,"Поддержаны формулы бросков, спасбросок со Сл и групповые результаты. Требуется отдельное разрешение: Условия наложения, снятия и последствия состояний; Условные сопротивления и иммунитеты.",Условия и состояния; Сцена и геометрия,True
756,Ментальный барьер,2014,2,full,Связанные эффекты,"Применение эффекта, длительность и заявленные бонусы поддержаны.",Контекст броска/применения,False
913,Мерцание,2014,3,none,,Требуется отдельное разрешение: Выбор результата по таблице/случайной ветке; Повторные срабатывания и вход/выход из области.,Повторные события; Случайный результат,False
6217,Мерцание,2024,3,none,,Правила PHB 2024. Применение особенностей по описанию; автоматизация этой версии не настроена.,Повторные события; Сцена и геометрия,True
914,Метель,2014,3,none,Концентрация и связанные эффекты,Требуется отдельное разрешение: Несколько разных спасбросков: этапы и цели нельзя смешивать; Повторные срабатывания и вход/выход из области.,Повторные события; Условия и состояния; Сцена и геометрия,True
6218,Метель,2024,3,none,Концентрация и связанные эффекты,Правила PHB 2024. Применение особенностей по описанию; автоматизация этой версии не настроена.,Повторные события; Условия и состояния; Сцена и геометрия,True
1399,Метеоритный дождь,2014,9,full,Урон; Спасбросок,"Проверены атака или спасбросок, формула и типы урона, усиление, применение результата к целям из хроники. Геометрия, перемещение, освещение и воздействие на декорации остаются у мастера и не снижают статус.",Сцена и геометрия,True
6219,Метеоритный дождь,2024,9,full,Урон; Спасбросок,"Правила 2024: типизированный урон, усиление, спасбросок и применение полного/половинного урона либо избегание через хронику. Геометрию, перемещения и воздействие на декорации определяет мастер.",Сцена и геометрия,True
609,Метка охотника,2014,1,partial,Урон; Концентрация и связанные эффекты,Поддержаны формулы бросков. Требуется отдельное разрешение: Контекстные бонусы и режимы бросков; Изменение конкретного оружия и условия попадания.,Изменение выбранного оружия; Контекст броска/применения,False
6220,Метка охотника,2024,1,none,Концентрация и связанные эффекты,Правила PHB 2024. Применение особенностей по описанию; автоматизация этой версии не настроена.,Контекст броска/применения,False
499,Меткий удар,2014,0,none,Концентрация и связанные эффекты,Требуется отдельное разрешение: Контекстные бонусы и режимы бросков.,Контекст броска/применения,False
6221,Меткий удар,2024,0,none,,Правила PHB 2024. Применение особенностей по описанию; автоматизация этой версии не настроена.,Изменение выбранного оружия,False
1150,Механическое единение,2014,5,partial,Спасбросок; Концентрация и связанные эффекты,Поддержаны спасбросок со Сл и групповые результаты. Требуется отдельное разрешение: Контекстные бонусы и режимы бросков.,Контекст броска/применения,False
1307,Меч Морденкайнена,2014,7,partial,Урон; Атака; Концентрация и связанные эффекты,"Поддержаны формулы бросков, атака заклинанием. Требуется отдельное разрешение: Создание/контроль существ и их отдельные листы; Контекстные бонусы и режимы бросков.",Подконтрольные существа; Контекст броска/применения,False
6222,Меч Морденкайнена,2024,7,none,Концентрация и связанные эффекты,Правила PHB 2024. Применение особенностей по описанию; автоматизация этой версии не настроена.,Подконтрольные существа; Контекст броска/применения,False
1151,Меч судьбы,2014,5,partial,Урон,Поддержаны формулы бросков. Требуется отдельное разрешение: Создание/контроль существ и их отдельные листы.,Подконтрольные существа; Сцена и геометрия,True
1046,Мираж,2014,4,none,,"Требуется отдельное разрешение: описанное воздействие на цели, предметы или окружение.",Сцена и геометрия,True
6223,Мираж,2024,4,none,,Правила PHB 2024. Применение особенностей по описанию; автоматизация этой версии не настроена.,Сцена и геометрия,True
1400,Мировоззрение космоса,2014,9,none,,"Требуется отдельное разрешение: Условия наложения, снятия и последствия состояний; Контекстные бонусы и режимы бросков.",Условия и состояния; Контекст броска/применения; Сцена и геометрия,True
6224,Мистическая бодрость,2024,2,none,,Правила PHB 2024. Применение особенностей по описанию; автоматизация этой версии не настроена.,Расходы и восстановление,False
500,Мистический заряд,2014,0,partial,Урон; Атака; Серия атак,Серия отдельных атак и урона в хронике сессии: лучи можно направлять в одну или разные цели. Число лучей учитывает усиление; ячейка расходуется один раз. Без сессии остаются отдельные броски с показом общего числа лучей.,Решение по описанию,False
6225,Мистический заряд,2024,0,partial,Урон; Атака; Серия атак,Серия отдельных атак и урона в хронике сессии: лучи можно направлять в одну или разные цели. Число лучей учитывает усиление; ячейка расходуется один раз. Без сессии остаются отдельные броски с показом общего числа лучей.,Решение по описанию,False
610,Мистическое копьё,2014,1,full,Урон; Атака,"Проверены атака или спасбросок, формула и типы урона, усиление, применение результата к целям из хроники. Геометрия, перемещение, освещение и воздействие на декорации остаются у мастера и не снижают статус.",Подконтрольные существа,False
1152,Множественная починка металла,2014,5,partial,Формула лечения,"Формула доступна для броска. Лечение выбранных конструктов, а не произвольных персонажей.",Сцена и геометрия,True
915,Множественная хромая кляча,2014,3,partial,Атака; Отдельные этапы; Концентрация и связанные эффекты,"Поддержаны формулы бросков, атака заклинанием. Требуется отдельное разрешение: описанное воздействие на цели, предметы или окружение.",Решение по описанию,False
1236,Множественное внушение,2014,6,partial,Спасбросок,"Поддержаны спасбросок со Сл и групповые результаты. Требуется отдельное разрешение: Условия наложения, снятия и последствия состояний; Условные сопротивления и иммунитеты.",Условия и состояния,False
6226,Множественное внушение,2024,6,none,,Правила PHB 2024. Применение особенностей по описанию; автоматизация этой версии не настроена.,Условия и состояния,False
1153,Множественное гашение волны,2014,5,none,,Требуется отдельное разрешение: Контекстные бонусы и режимы бросков.,Контекст броска/применения,False
757,Множественное защитное лезвие,2014,2,none,,Требуется отдельное разрешение: Условные сопротивления и иммунитеты; Изменение конкретного оружия и условия попадания.,Изменение выбранного оружия,False
6227,Множественное исцеление,2024,9,none,,Правила PHB 2024. Применение особенностей по описанию; автоматизация этой версии не настроена.,Общий запас между целями; Условия и состояния,False
916,Множественное лечащее слово,2014,3,full,Применение лечения,"Лечение, усиление за круг, модификатор, число целей и расход одной ячейки поддержаны. Допустимость цели определяется участниками.",Решение по описанию,False
6228,Множественное лечащее слово,2024,3,full,Применение лечения,"Правила 2024: лечение 2к4 + модификатор заклинателя, +1к4 за круг выше; выбор до 6 целей, расход ячейки и результат в хронике.",Решение по описанию,False
1154,Множественное лечение ран,2014,5,full,Применение лечения,"Лечение, усиление за круг, модификатор, число целей и расход одной ячейки поддержаны. Допустимость цели определяется участниками.",Сцена и геометрия,True
6229,Множественное лечение ран,2024,5,full,Применение лечения,"Правила 2024: лечение 5к8 + модификатор заклинателя, +1к8 за круг выше; выбор до 6 целей, расход ячейки и результат в хронике.",Сцена и геометрия,True
1401,Множественное полное исцеление,2014,9,partial,Формула лечения,Формула доступна для броска. Общий запас 700 хитов распределяется между целями; 700 каждой цели применять нельзя.,Общий запас между целями; Условия и состояния; Снятие эффектов,False
1402,Множественное превращение,2014,9,partial,Спасбросок; Концентрация и связанные эффекты,Поддержаны спасбросок со Сл и групповые результаты. Требуется отдельное разрешение: Изменение максимума или связанных временных хитов.,Хиты с источником,False
1354,Могучая крепость,2014,8,none,,"Требуется отдельное разрешение: описанное воздействие на цели, предметы или окружение.",Сцена и геометрия,True
1237,Могучее метание,2014,6,partial,Атака; Отдельные этапы,"Поддержаны формулы бросков, атака заклинанием. Требуется отдельное разрешение: описанное воздействие на цели, предметы или окружение.",Условия и состояния,False
758,Молебен лечения,2014,2,full,Применение лечения,"Лечение, усиление за круг, модификатор, число целей и расход одной ячейки поддержаны. Допустимость цели определяется участниками.",Решение по описанию,False
6230,Молебен лечения,2024,2,partial,Формула лечения,"Правила 2024: формула 2к8 без модификатора, +1к8 за круг выше. Короткий отдых до пяти целей и запрет повторного получения до долгого отдыха требуют отдельного сценария; кнопка автоматического лечения намеренно отключена.",Расходы и восстановление; Контекст броска/применения,False
917,Молниевая стрела,2014,3,partial,Спасбросок; Отдельные этапы; Концентрация и связанные эффекты,"Спасбросок привязан ко вторичному взрыву. Бросок атаки выполняется оружием, не заклинательной характеристикой. Замена урона оружия и половина при промахе пока вручную.",Изменение выбранного оружия,False
6231,Молниевая стрела,2024,3,partial,Отдельные этапы,"Правила 2024: раздельные формулы основной цели и взрыва, усиление обоих и спасбросок только для взрыва. Замена исходной атаки и выбор половины при промахе пока вручную.",Изменение выбранного оружия,False
918,Молния,2014,3,full,Урон; Спасбросок,"Проверены атака или спасбросок, формула и типы урона, усиление, применение результата к целям из хроники. Геометрия, перемещение, освещение и воздействие на декорации остаются у мастера и не снижают статус.",Сцена и геометрия,True
6232,Молния,2024,3,full,Урон; Спасбросок,"Правила 2024: типизированный урон, усиление, спасбросок и применение полного/половинного урона либо избегание через хронику. Геометрию, перемещения и воздействие на декорации определяет мастер.",Решение по описанию,False
759,Мороз ледяной смерти,2014,2,partial,Урон; Спасбросок,"Поддержаны формулы бросков, спасбросок со Сл и групповые результаты. Требуется отдельное разрешение: описанное воздействие на цели, предметы или окружение.",Сцена и геометрия,True
919,Мотивационная речь,2014,3,partial,Отдельные этапы,Поддержаны формулы бросков. Требуется отдельное разрешение: Изменение максимума или связанных временных хитов; Контекстные бонусы и режимы бросков.,Хиты с источником; Контекст броска/применения,False
760,Муки любви,2014,2,partial,Урон; Спасбросок,"Поддержаны формулы бросков, спасбросок со Сл и групповые результаты. Требуется отдельное разрешение: Условия наложения, снятия и последствия состояний.",Условия и состояния,False
761,Мучительная цепь,2014,2,partial,Урон,"Поддержаны формулы бросков. Требуется отдельное разрешение: Превращение, характеристики формы и возврат исходного состояния; Контекстные бонусы и режимы бросков.",Превращение; Контекст броска/применения,False
1155,Наблюдение,2014,5,partial,Спасбросок; Концентрация и связанные эффекты,"Поддержаны спасбросок со Сл и групповые результаты. Требуется отдельное разрешение: описанное воздействие на цели, предметы или окружение.",Решение по описанию,False
6233,Наблюдение,2024,5,none,Концентрация и связанные эффекты,Правила PHB 2024. Применение особенностей по описанию; автоматизация этой версии не настроена.,Случайный результат,False
611,Надежная трансляция,2014,1,partial,Спасбросок; Концентрация и связанные эффекты,"Поддержаны спасбросок со Сл и групповые результаты. Требуется отдельное разрешение: описанное воздействие на цели, предметы или окружение.",Решение по описанию,False
612,Найти изъян,2014,1,none,,"Требуется отдельное разрешение: описанное воздействие на цели, предметы или окружение.",Решение по описанию,False
613,Найти родню,2014,1,partial,Спасбросок,"Поддержаны спасбросок со Сл и групповые результаты. Требуется отдельное разрешение: описанное воздействие на цели, предметы или окружение.",Решение по описанию,False
762,Найти транспорт,2014,2,none,,Требуется отдельное разрешение: Контекстные бонусы и режимы бросков.,Контекст броска/применения,False
614,Нанесение ран,2014,1,full,Урон; Атака,"Проверены атака или спасбросок, формула и типы урона, усиление, применение результата к целям из хроники. Геометрия, перемещение, освещение и воздействие на декорации остаются у мастера и не снижают статус.",Решение по описанию,False
6234,Нанесение ран,2024,1,full,Урон; Спасбросок,"Правила 2024: типизированный урон, усиление, спасбросок и применение полного/половинного урона либо избегание через хронику. Геометрию, перемещения и воздействие на декорации определяет мастер.",Решение по описанию,False
615,Направленный снаряд,2014,1,partial,Урон; Атака,"Поддержаны формулы бросков, атака заклинанием. Требуется отдельное разрешение: Контекстные бонусы и режимы бросков.",Контекст броска/применения; Сцена и геометрия,True
616,Направляющая рука,2014,1,none,Концентрация и связанные эффекты,Требуется отдельное разрешение: Создание/контроль существ и их отдельные листы; Перемещение и переходы между планами.,Сцена и геометрия,True
6235,Направляющий снаряд,2024,1,none,,Правила PHB 2024. Применение особенностей по описанию; автоматизация этой версии не настроена.,Контекст броска/применения,False
6236,Наставление,2024,0,none,Концентрация и связанные эффекты,Правила PHB 2024. Применение особенностей по описанию; автоматизация этой версии не настроена.,Решение по описанию,False
920,Наступление ночи,2014,3,none,Концентрация и связанные эффекты,Требуется отдельное разрешение: Создание/контроль существ и их отдельные листы.,Сцена и геометрия,True
921,Находка в тени,2014,3,none,,Требуется отдельное разрешение: Создание/контроль существ и их отдельные листы.,Решение по описанию,False
1355,Находчивость,2014,8,none,,"Требуется отдельное разрешение: описанное воздействие на цели, предметы или окружение.",Решение по описанию,False
6237,Находчивость,2024,8,none,,Правила PHB 2024. Применение особенностей по описанию; автоматизация этой версии не настроена.,Решение по описанию,False
501,Нашествие,2014,0,partial,Урон; Спасбросок,"Поддержаны формулы бросков, спасбросок со Сл и групповые результаты. Требуется отдельное разрешение: описанное воздействие на цели, предметы или окружение.",Решение по описанию,False
1156,Нашествие насекомых,2014,5,partial,Урон; Спасбросок; Концентрация и связанные эффекты,"Поддержаны формулы бросков, спасбросок со Сл и групповые результаты. Требуется отдельное разрешение: описанное воздействие на цели, предметы или окружение.",Повторные события; Сцена и геометрия,True
6238,Нашествие насекомых,2024,5,none,Концентрация и связанные эффекты,Правила PHB 2024. Применение особенностей по описанию; автоматизация этой версии не настроена.,Повторные события; Сцена и геометрия,True
1157,Не сегодня!,2014,5,none,,Требуется отдельное разрешение: Контекстные бонусы и режимы бросков.,Контекст броска/применения,False
1047,Небесная кара,2014,4,partial,Урон; Концентрация и связанные эффекты,Поддержаны формулы бросков. Требуется отдельное разрешение: Изменение конкретного оружия и условия попадания.,Изменение выбранного оружия,False
1238,Небесная корона,2014,6,none,Концентрация и связанные эффекты,Требуется отдельное разрешение: Контекстные бонусы и режимы бросков.,Контекст броска/применения; Сцена и геометрия,True
763,Небесные письмена,2014,2,none,Концентрация и связанные эффекты,"Требуется отдельное разрешение: описанное воздействие на цели, предметы или окружение.",Решение по описанию,False
1158,Небесный огонь,2014,5,partial,Урон; Спасбросок,"Поддержаны формулы бросков, спасбросок со Сл и групповые результаты. Требуется отдельное разрешение: описанное воздействие на цели, предметы или окружение.",Решение по описанию,False
6239,Небесный огонь,2024,5,full,Урон; Спасбросок,"Правила 2024: типизированная формула, усиление и спасбросок нужного этапа, применение урона в хронике. Геометрию и перемещение определяет мастер.",Решение по описанию,False
617,Невидимое письмо,2014,1,none,,"Требуется отдельное разрешение: описанное воздействие на цели, предметы или окружение.",Сцена и геометрия,True
764,Невидимость,2014,2,partial,Связанные эффекты; Концентрация и связанные эффекты,"Поддержаны применение связанного эффекта и концентрация. Требуется отдельное разрешение: описанное воздействие на цели, предметы или окружение.",Решение по описанию,False
6240,Невидимость,2024,2,none,Концентрация и связанные эффекты,Правила PHB 2024. Применение особенностей по описанию; автоматизация этой версии не настроена.,Решение по описанию,False
618,Невидимый слуга,2014,1,none,,Требуется отдельное разрешение: Контекстные бонусы и режимы бросков.,Контекст броска/применения,False
6241,Невидимый слуга,2024,1,none,,Правила PHB 2024. Применение особенностей по описанию; автоматизация этой версии не настроена.,Контекст броска/применения,False
619,Неземной хор,2014,1,partial,Спасбросок; Связанные эффекты; Концентрация и связанные эффекты,"Применяются связанные эффекты и указанные в них модификаторы. Преимущество Выступлению поддержано. Социальные последствия, спасброски отдельных слушателей и контекстные бонусы — вручную.",Контекст броска/применения,False
620,Нейтрализация ауры,2014,1,none,Концентрация и связанные эффекты,"Требуется отдельное разрешение: описанное воздействие на цели, предметы или окружение.",Решение по описанию,False
922,Необнаружимость,2014,3,none,,"Требуется отдельное разрешение: описанное воздействие на цели, предметы или окружение.",Решение по описанию,False
6242,Необнаружимость,2024,3,none,,Правила PHB 2024. Применение особенностей по описанию; автоматизация этой версии не настроена.,Решение по описанию,False
765,Неподвижный объект,2014,2,none,,"Требуется отдельное разрешение: описанное воздействие на цели, предметы или окружение.",Решение по описанию,False
766,Нетленные останки,2014,2,none,,"Требуется отдельное разрешение: описанное воздействие на цели, предметы или окружение.",Решение по описанию,False
6243,Нетленные останки,2024,2,none,,Правила PHB 2024. Применение особенностей по описанию; автоматизация этой версии не настроена.,Решение по описанию,False
1239,Неудержимая пляска Отто,2014,6,partial,Спасбросок; Концентрация и связанные эффекты,"Поддержаны спасбросок со Сл и групповые результаты. Требуется отдельное разрешение: Условия наложения, снятия и последствия состояний; Условные сопротивления и иммунитеты; Контекстные бонусы и режимы бросков.",Условия и состояния; Контекст броска/применения,False
6244,Неудержимая пляска Отто,2024,6,none,Концентрация и связанные эффекты,Правила PHB 2024. Применение особенностей по описанию; автоматизация этой версии не настроена.,Условия и состояния; Контекст броска/применения,False
1308,Неуправляемая трансформация,2014,7,partial,Спасбросок; Отдельные этапы,"Добавлены отдельные формулы для описанных этапов; условный урон не применяется автоматически при сотворении. Мутации, собственная Сл от Телосложения, их комбинации и цена истощением пока вручную.",Повторные события; Случайный результат; Контекст броска/применения; Сцена и геометрия,True
621,Неутомимость,2014,1,partial,Связанные эффекты,"Применяются связанные эффекты и указанные в них модификаторы. Тройная скорость поддержана. Расход припасов, отдых и различие магического и немагического истощения — вручную.",Решение по описанию,False
1403,Неуязвимость,2014,9,full,Связанные эффекты; Концентрация и связанные эффекты,"Применение эффекта, длительность и заявленные бонусы поддержаны.",Решение по описанию,False
767,Нистулова ложная магия,2014,2,none,,"Требуется отдельное разрешение: описанное воздействие на цели, предметы или окружение.",Сцена и геометрия,True
1048,Ночные кошмары,2014,4,partial,Спасбросок; Концентрация и связанные эффекты,"Поддержаны спасбросок со Сл и групповые результаты. Требуется отдельное разрешение: Условия наложения, снятия и последствия состояний; Повторные срабатывания и вход/выход из области; Условные сопротивления и иммунитеты.",Повторные события; Условия и состояния,False
768,Нюх на сокровища,2014,2,none,Концентрация и связанные эффекты,"Требуется отдельное разрешение: описанное воздействие на цели, предметы или окружение.",Решение по описанию,False
769,Обезоруживающий ветер,2014,2,partial,Спасбросок,Поддержаны спасбросок со Сл и групповые результаты. Требуется отдельное разрешение: Создание/контроль существ и их отдельные листы.,Создание предмета,False
622,Оберег из козьего копыта,2014,1,none,,Требуется отдельное разрешение: Контекстные бонусы и режимы бросков.,Контекст броска/применения,False
1159,Обессиливание,2014,5,partial,Спасбросок; Отдельные этапы; Концентрация и связанные эффекты,"Поддержаны формулы бросков, спасбросок со Сл и групповые результаты. Требуется отдельное разрешение: описанное воздействие на цели, предметы или окружение.",Решение по описанию,False
502,Обессиливающий укол,2014,0,partial,Урон; Спасбросок,"Поддержаны формулы бросков, спасбросок со Сл и групповые результаты. Требуется отдельное разрешение: описанное воздействие на цели, предметы или окружение.",Условия и состояния,False
1160,Обет,2014,5,partial,Спасбросок; Отдельные этапы,"Добавлены отдельные формулы для описанных этапов; условный урон не применяется автоматически при сотворении. Очарование, ограничение одного срабатывания в день и длительное снятие заклинанием пока вручную.",Условия и состояния,False
1049,Облава на логово,2014,4,none,Концентрация и связанные эффекты,Требуется отдельное разрешение: Создание/контроль существ и их отдельные листы; Контекстные бонусы и режимы бросков.,Контекст броска/применения; Сцена и геометрия,True
770,Облако кинжалов,2014,2,partial,Урон; Концентрация и связанные эффекты,Поддержаны формулы бросков. Требуется отдельное разрешение: Повторные срабатывания и вход/выход из области.,Повторные события; Сцена и геометрия,True
6245,Облако кинжалов,2024,2,none,Концентрация и связанные эффекты,Правила PHB 2024. Применение особенностей по описанию; автоматизация этой версии не настроена.,Подконтрольные существа; Сцена и геометрия,True
1161,Облако смерти,2014,5,partial,Урон; Спасбросок; Концентрация и связанные эффекты,"Поддержаны формулы бросков, спасбросок со Сл и групповые результаты. Требуется отдельное разрешение: Создание/контроль существ и их отдельные листы; Повторные срабатывания и вход/выход из области.",Повторные события; Сцена и геометрия,True
6246,Облако смерти,2024,5,none,Концентрация и связанные эффекты,Правила PHB 2024. Применение особенностей по описанию; автоматизация этой версии не настроена.,Повторные события; Сцена и геометрия,True
1050,Облако спор,2014,4,partial,Урон; Спасбросок; Концентрация и связанные эффекты,"Поддержаны формулы бросков, спасбросок со Сл и групповые результаты. Требуется отдельное разрешение: Условия наложения, снятия и последствия состояний; Повторные срабатывания и вход/выход из области.",Повторные события; Условия и состояния; Сцена и геометрия,True
771,Область истины,2014,2,partial,Спасбросок,Поддержаны спасбросок со Сл и групповые результаты. Требуется отдельное разрешение: Создание/контроль существ и их отдельные листы.,Повторные события; Сцена и геометрия,True
6247,Область истины,2024,2,none,,Правила PHB 2024. Применение особенностей по описанию; автоматизация этой версии не настроена.,Повторные события; Сцена и геометрия,True
1240,Облачение ветра,2014,6,partial,Урон; Спасбросок; Концентрация и связанные эффекты,"Поддержаны формулы бросков, спасбросок со Сл и групповые результаты. Требуется отдельное разрешение: Контекстные бонусы и режимы бросков; Изменение конкретного оружия и условия попадания.",Изменение выбранного оружия; Контекст броска/применения; Сцена и геометрия,True
1241,Облачение камня,2014,6,partial,Спасбросок; Концентрация и связанные эффекты,Поддержаны спасбросок со Сл и групповые результаты. Требуется отдельное разрешение: Условные сопротивления и иммунитеты; Контекстные бонусы и режимы бросков.,Условия и состояния; Контекст броска/применения; Сцена и геометрия,True
1242,Облачение льда,2014,6,partial,Урон; Спасбросок; Концентрация и связанные эффекты,"Поддержаны формулы бросков, спасбросок со Сл и групповые результаты. Требуется отдельное разрешение: Условные сопротивления и иммунитеты; Контекстные бонусы и режимы бросков.",Контекст броска/применения; Сцена и геометрия,True
1243,Облачение огня,2014,6,partial,Спасбросок; Отдельные этапы; Концентрация и связанные эффекты,"Спасброски привязаны к отдельным этапам с правильной характеристикой и результатом успеха. Последовательность этапов, повторения и дополнительные состояния проверяются участниками.",Повторные события; Контекст броска/применения; Сцена и геометрия,True
1051,Облачение тени,2014,4,partial,Урон; Связанные эффекты; Концентрация и связанные эффекты,"Сопротивление и формула ответного урона поддержаны; освещение, видимость и условие попадания — вручную.",Сцена и геометрия,True
503,Обморожение,2014,0,partial,Урон; Спасбросок; Связанные эффекты,Применяются связанные эффекты и указанные в них модификаторы. Помеха только оружию. Снятие после подходящей атаки — вручную; атака заклинанием не должна её расходовать.,Изменение выбранного оружия; Контекст броска/применения,False
623,Обнаружение болезней и яда,2014,1,none,Концентрация и связанные эффекты,"Требуется отдельное разрешение: описанное воздействие на цели, предметы или окружение.",Решение по описанию,False
6248,Обнаружение болезней и яда,2024,1,none,Концентрация и связанные эффекты,Правила PHB 2024. Применение особенностей по описанию; автоматизация этой версии не настроена.,Решение по описанию,False
624,Обнаружение добра и зла,2014,1,none,Концентрация и связанные эффекты,"Требуется отдельное разрешение: описанное воздействие на цели, предметы или окружение.",Решение по описанию,False
6249,Обнаружение добра и зла,2024,1,none,Концентрация и связанные эффекты,Правила PHB 2024. Применение особенностей по описанию; автоматизация этой версии не настроена.,Решение по описанию,False
772,Обнаружение драконов,2014,2,none,Концентрация и связанные эффекты,"Требуется отдельное разрешение: Превращение, характеристики формы и возврат исходного состояния.",Превращение; Сцена и геометрия,True
773,Обнаружение искажения,2014,2,none,Концентрация и связанные эффекты,"Требуется отдельное разрешение: описанное воздействие на цели, предметы или окружение.",Решение по описанию,False
625,Обнаружение магии,2014,1,none,Концентрация и связанные эффекты,"Требуется отдельное разрешение: описанное воздействие на цели, предметы или окружение.",Решение по описанию,False
6250,Обнаружение магии,2024,1,none,Концентрация и связанные эффекты,Правила PHB 2024. Применение особенностей по описанию; автоматизация этой версии не настроена.,Сцена и геометрия,True
774,Обнаружение мыслей,2014,2,partial,Спасбросок; Связанные эффекты; Концентрация и связанные эффекты,"Поддержаны спасбросок со Сл и групповые результаты, применение связанного эффекта и концентрация. Требуется отдельное разрешение: описанное воздействие на цели, предметы или окружение.",Решение по описанию,False
6251,Обнаружение мыслей,2024,2,none,Концентрация и связанные эффекты,Правила PHB 2024. Применение особенностей по описанию; автоматизация этой версии не настроена.,Решение по описанию,False
923,Образ,2014,3,none,Концентрация и связанные эффекты,"Требуется отдельное разрешение: Создание/контроль существ и их отдельные листы; Условия наложения, снятия и последствия состояний.",Подконтрольные существа; Создание предмета; Сцена и геометрия,True
6252,Образ,2024,3,none,Концентрация и связанные эффекты,Правила PHB 2024. Применение особенностей по описанию; автоматизация этой версии не настроена.,Условия и состояния; Подконтрольные существа; Создание предмета; Расходы и восстановление; Контекст броска/применения; Сцена и геометрия,True
6253,Обретение скакуна,2024,2,none,,Правила PHB 2024. Применение особенностей по описанию; автоматизация этой версии не настроена.,Условия и состояния,False
6254,Обретение фамильяра,2024,1,none,,Правила PHB 2024. Применение особенностей по описанию; автоматизация этой версии не настроена.,Контекст броска/применения,False
775,Общая жертва,2014,2,none,,"Требуется отдельное разрешение: описанное воздействие на цели, предметы или окружение.",Решение по описанию,False
1162,Общение,2014,5,none,,"Требуется отдельное разрешение: описанное воздействие на цели, предметы или окружение.",Решение по описанию,False
6255,Общение,2024,5,none,,Правила PHB 2024. Применение особенностей по описанию; автоматизация этой версии не настроена.,Расходы и восстановление,False
1163,Общение с городом,2014,5,none,,Требуется отдельное разрешение: Контекстные бонусы и режимы бросков.,Контекст броска/применения; Сцена и геометрия,True
1164,Общение с природой,2014,5,none,,"Требуется отдельное разрешение: описанное воздействие на цели, предметы или окружение.",Сцена и геометрия,True
6256,Общение с природой,2024,5,none,,Правила PHB 2024. Применение особенностей по описанию; автоматизация этой версии не настроена.,Сцена и геометрия,True
1052,Оглушающая кара,2014,4,partial,Урон; Спасбросок; Концентрация и связанные эффекты,"Поддержаны формулы бросков, спасбросок со Сл и групповые результаты. Требуется отдельное разрешение: Контекстные бонусы и режимы бросков; Изменение конкретного оружия и условия попадания.",Изменение выбранного оружия; Контекст броска/применения,False
6257,Оглушающая кара,2024,4,partial,Спасбросок; Отдельные этапы,"Правила 2024: дополнительный урон отделён от вторичного спасброска. Встраивание в выбранное оружие, удвоение костей при критическом попадании и условные состояния пока требуют отдельной настройки.",Условия и состояния,False
1309,Огненная буря,2014,7,full,Урон; Спасбросок,"Проверены атака или спасбросок, формула и типы урона, усиление, применение результата к целям из хроники. Геометрия, перемещение, освещение и воздействие на декорации остаются у мастера и не снижают статус.",Сцена и геометрия,True
6258,Огненная буря,2024,7,full,Урон; Спасбросок,"Правила 2024: типизированный урон, усиление, спасбросок и применение полного/половинного урона либо избегание через хронику. Геометрию, перемещения и воздействие на декорации определяет мастер.",Сцена и геометрия,True
1053,Огненная стена,2014,4,partial,Урон; Спасбросок; Концентрация и связанные эффекты,"Поддержаны формулы бросков, спасбросок со Сл и групповые результаты. Требуется отдельное разрешение: Создание/контроль существ и их отдельные листы.",Повторные события; Сцена и геометрия,True
6259,Огненная стена,2024,4,none,Концентрация и связанные эффекты,Правила PHB 2024. Применение особенностей по описанию; автоматизация этой версии не настроена.,Повторные события; Сцена и геометрия,True
626,Огненные ладони,2014,1,full,Урон; Спасбросок,"Проверены атака или спасбросок, формула и типы урона, усиление, применение результата к целям из хроники. Геометрия, перемещение, освещение и воздействие на декорации остаются у мастера и не снижают статус.",Сцена и геометрия,True
6260,Огненные ладони,2024,1,full,Урон; Спасбросок,"Правила 2024: типизированный урон, усиление, спасбросок и применение полного/половинного урона либо избегание через хронику. Геометрию, перемещения и воздействие на декорации определяет мастер.",Сцена и геометрия,True
1054,Огненный поток,2014,4,full,Урон; Спасбросок,"Проверены атака или спасбросок, формула и типы урона, усиление, применение результата к целям из хроники. Геометрия, перемещение, освещение и воздействие на декорации остаются у мастера и не снижают статус.",Подконтрольные существа; Сцена и геометрия,True
504,Огненный снаряд,2014,0,full,Урон; Атака,"Проверены атака или спасбросок, формула и типы урона, усиление, применение результата к целям из хроники. Геометрия, перемещение, освещение и воздействие на декорации остаются у мастера и не снижают статус.",Решение по описанию,False
6261,Огненный снаряд,2024,0,full,Урон; Атака,"Правила 2024: атака заклинанием, усиление заговора, крит и типизированный урон с применением к цели. Перемещение и воздействие на декорации определяет мастер. Опечатка усиления к6 исправлена на к10 по официальным Basic Rules 2024.",Решение по описанию,False
924,Огненный шар,2014,3,full,Урон; Спасбросок,"Проверены атака или спасбросок, формула и типы урона, усиление, применение результата к целям из хроники. Геометрия, перемещение, освещение и воздействие на декорации остаются у мастера и не снижают статус.",Сцена и геометрия,True
6262,Огненный шар,2024,3,full,Урон; Спасбросок,"Правила 2024: типизированный урон, усиление, спасбросок и применение полного/половинного урона либо избегание через хронику. Геометрию, перемещения и воздействие на декорации определяет мастер.",Превращение; Сцена и геометрия,True
1055,Огненный щит,2014,4,partial,Урон; Связанные эффекты,Сопротивление и формулы урона поддержаны. Условие ответного урона и освещение — вручную.,Сцена и геометрия,True
6263,Огненный щит,2024,4,none,,Правила PHB 2024. Применение особенностей по описанию; автоматизация этой версии не настроена.,Сцена и геометрия,True
627,Огонь фей,2014,1,partial,Спасбросок; Концентрация и связанные эффекты,Поддержаны спасбросок со Сл и групповые результаты. Требуется отдельное разрешение: Контекстные бонусы и режимы бросков.,Контекст броска/применения; Сцена и геометрия,True
6264,Огонь фей,2024,1,none,Концентрация и связанные эффекты,Правила PHB 2024. Применение особенностей по описанию; автоматизация этой версии не настроена.,Контекст броска/применения; Сцена и геометрия,True
1244,Одеяние из осколков,2014,6,none,,Требуется отдельное разрешение: Создание/контроль существ и их отдельные листы; Контекстные бонусы и режимы бросков.,Контекст броска/применения,False
1356,Одуряющая тьма,2014,8,partial,Урон; Спасбросок; Концентрация и связанные эффекты,"Поддержаны формулы бросков, спасбросок со Сл и групповые результаты. Требуется отдельное разрешение: описанное воздействие на цели, предметы или окружение.",Повторные события; Сцена и геометрия,True
1165,Оживление,2014,5,none,,Требуется отдельное разрешение: Контекстные бонусы и режимы бросков.,Снятие эффектов; Контекст броска/применения,False
6265,Оживление,2024,5,none,,Правила PHB 2024. Применение особенностей по описанию; автоматизация этой версии не настроена.,Подконтрольные существа; Расходы и восстановление; Контекст броска/применения,False
1166,Оживление вещей,2014,5,none,Концентрация и связанные эффекты,Требуется отдельное разрешение: Создание/контроль существ и их отдельные листы; Контекстные бонусы и режимы бросков.,Подконтрольные существа; Контекст броска/применения,False
6266,Оживление вещей,2024,5,none,Концентрация и связанные эффекты,Правила PHB 2024. Применение особенностей по описанию; автоматизация этой версии не настроена.,Условия и состояния; Изменение выбранного оружия; Контекст броска/применения,False
628,Оживление конструкта,2014,1,none,Концентрация и связанные эффекты,Требуется отдельное разрешение: Создание/контроль существ и их отдельные листы; Выбор результата по таблице/случайной ветке.,Подконтрольные существа; Случайный результат,False
776,Озорство Натайра,2014,2,none,Концентрация и связанные эффекты,"Требуется отдельное разрешение: Несколько разных спасбросков: этапы и цели нельзя смешивать; Выбор результата по таблице/случайной ветке; Условия наложения, снятия и последствия состояний.",Повторные события; Условия и состояния; Случайный результат; Сцена и геометрия,True
1245,Окаменение,2014,6,partial,Спасбросок; Концентрация и связанные эффекты,"Поддержаны спасбросок со Сл и групповые результаты. Требуется отдельное разрешение: Превращение, характеристики формы и возврат исходного состояния; Условия наложения, снятия и последствия состояний; Повторные срабатывания и вход/выход из области.",Повторные события; Накопление результатов; Условия и состояния,False
6267,Окаменение,2024,6,none,Концентрация и связанные эффекты,Правила PHB 2024. Применение особенностей по описанию; автоматизация этой версии не настроена.,Повторные события; Накопление результатов; Условия и состояния,False
505,Оплетающая лоза,2014,0,partial,Спасбросок,Поддержаны спасбросок со Сл и групповые результаты. Требуется отдельное разрешение: Контекстные бонусы и режимы бросков.,Контекст броска/применения,False
506,Оплошность,2014,0,partial,Спасбросок,"Поддержаны спасбросок со Сл и групповые результаты. Требуется отдельное разрешение: описанное воздействие на цели, предметы или окружение.",Решение по описанию,False
629,Опознание,2014,1,none,,"Требуется отдельное разрешение: описанное воздействие на цели, предметы или окружение.",Расходы и восстановление,False
6268,Опознание,2024,1,none,,Правила PHB 2024. Применение особенностей по описанию; автоматизация этой версии не настроена.,Расходы и восстановление,False
630,Опутывание,2014,1,partial,Спасбросок; Концентрация и связанные эффекты,"Поддержаны спасбросок со Сл и групповые результаты. Требуется отдельное разрешение: Превращение, характеристики формы и возврат исходного состояния; Условия наложения, снятия и последствия состояний.",Условия и состояния; Превращение; Сцена и геометрия,True
6269,Опутывание,2024,1,none,Концентрация и связанные эффекты,Правила PHB 2024. Применение особенностей по описанию; автоматизация этой версии не настроена.,Условия и состояния; Сцена и геометрия,True
631,Опутывающий удар,2014,1,partial,Урон; Спасбросок; Концентрация и связанные эффекты,"Поддержаны формулы бросков, спасбросок со Сл и групповые результаты. Требуется отдельное разрешение: Условия наложения, снятия и последствия состояний; Повторные срабатывания и вход/выход из области; Контекстные бонусы и режимы бросков.",Повторные события; Условия и состояния; Контекст броска/применения,False
6270,Опутывающий удар,2024,1,none,Концентрация и связанные эффекты,Правила PHB 2024. Применение особенностей по описанию; автоматизация этой версии не настроена.,Повторные события; Условия и состояния; Контекст броска/применения,False
1056,Оружие Пустоты,2014,4,partial,Урон; Связанные эффекты; Концентрация и связанные эффекты,Бонус применяется только к выбранному оружию. После применения выберите оружие в эффекте; признак магического оружия и специальные последствия — вручную. Запрет лечения поражённой цели — вручную.,Изменение выбранного оружия,False
1057,Оседлай молнию,2014,4,full,Урон,"Проверены атака или спасбросок, формула и типы урона, усиление, применение результата к целям из хроники. Геометрия, перемещение, освещение и воздействие на декорации остаются у мастера и не снижают статус.",Сцена и геометрия,True
925,Осколки кристаллов,2014,3,partial,Спасбросок; Отдельные этапы,"Добавлены отдельные формулы для описанных этапов; условный урон не применяется автоматически при сотворении. Снижение скорости вдвое, прекращение полёта и освобождение проверкой Силы Сл 13 пока вручную.",Решение по описанию,False
632,Ослабление брони,2014,1,partial,Спасбросок; Связанные эффекты; Концентрация и связанные эффекты,"Применяются связанные эффекты и указанные в них модификаторы. Условия наложения, повторные спасброски и снятие по ходу боя проверяются участниками.",Решение по описанию,False
507,Ослепление тенью,2014,0,none,,"Требуется отдельное разрешение: описанное воздействие на цели, предметы или окружение.",Решение по описанию,False
926,Ослепляющая кара,2014,3,partial,Урон; Спасбросок; Концентрация и связанные эффекты,"Поддержаны формулы бросков, спасбросок со Сл и групповые результаты. Требуется отдельное разрешение: Условия наложения, снятия и последствия состояний; Повторные срабатывания и вход/выход из области; Изменение конкретного оружия и условия попадания.",Повторные события; Условия и состояния; Изменение выбранного оружия; Сцена и геометрия,True
6271,Ослепляющая кара,2024,3,none,,Правила PHB 2024. Применение особенностей по описанию; автоматизация этой версии не настроена.,Повторные события; Условия и состояния,False
508,Остановка,2014,0,none,,Требуется отдельное разрешение: Условные сопротивления и иммунитеты; Контекстные бонусы и режимы бросков.,Контекст броска/применения,False
1404,Остановка времени,2014,9,partial,Отдельные этапы,Бросок 1к4+1 дополнительных ходов доступен. Временная очередь ходов и досрочное окончание при воздействии на других — вручную.,Решение по описанию,False
6272,Остановка времени,2024,9,partial,Отдельные этапы,Правила 2024: бросок 1к4 + 1 дополнительных ходов. Очерёдность боя и досрочное завершение при воздействии на других пока отмечаются вручную.,Решение по описанию,False
777,Остановка сердца,2014,2,none,Концентрация и связанные эффекты,"Требуется отдельное разрешение: описанное воздействие на цели, предметы или окружение.",Решение по описанию,False
633,Острые листья,2014,1,partial,Урон; Концентрация и связанные эффекты,Поддержаны формулы бросков. Требуется отдельное разрешение: Контекстные бонусы и режимы бросков.,Контекст броска/применения,False
1246,Отилюков ледяной шар,2014,6,partial,Урон; Спасбросок,"Поддержаны формулы бросков, спасбросок со Сл и групповые результаты. Требуется отдельное разрешение: описанное воздействие на цели, предметы или окружение.",Создание предмета; Сцена и геометрия,True
1058,Отилюков упругий шар,2014,4,partial,Спасбросок; Концентрация и связанные эффекты,Поддержаны спасбросок со Сл и групповые результаты. Требуется отдельное разрешение: Условные сопротивления и иммунитеты.,Сцена и геометрия,True
778,Открывание,2014,2,none,,"Требуется отдельное разрешение: описанное воздействие на цели, предметы или окружение.",Решение по описанию,False
6273,Открывание,2024,2,none,,Правила PHB 2024. Применение особенностей по описанию; автоматизация этой версии не настроена.,Решение по описанию,False
779,Отражения,2014,2,none,,"Требуется отдельное разрешение: описанное воздействие на цели, предметы или окружение.",Сцена и геометрия,True
6274,Отражения,2024,2,none,,Правила PHB 2024. Применение особенностей по описанию; автоматизация этой версии не настроена.,Условия и состояния,False
927,Отсуствие на камерах,2014,3,none,Концентрация и связанные эффекты,"Требуется отдельное разрешение: описанное воздействие на цели, предметы или окружение.",Решение по описанию,False
6275,Охранная руна,2024,3,none,,Правила PHB 2024. Применение особенностей по описанию; автоматизация этой версии не настроена.,Подконтрольные существа; Создание предмета; Сцена и геометрия,True
928,Охранные руны,2014,3,partial,Урон; Спасбросок; Выбор типа урона,"Выбор типа урона, типизированная формула, цвет костей и применение защит цели поддержаны. Поддержана взрывная руна. Условия срабатывания, хранение другого заклинания и разрушение руны пока вручную.",Подконтрольные существа; Создание предмета; Сцена и геометрия,True
780,Охраняющая связь,2014,2,partial,Связанные эффекты,"КД, спасброски и сопротивления применяются. Зеркальный урон заклинателю, дистанция и завершение связи — вручную; требуется взаимодействие участников.",Связь целей; Контекст броска/применения,False
6276,Охраняющая связь,2024,2,none,,Правила PHB 2024. Применение особенностей по описанию; автоматизация этой версии не настроена.,Связь целей; Контекст броска/применения,False
1310,Охраняющее кольцо,2014,7,none,Концентрация и связанные эффекты,Требуется отдельное разрешение: Условные сопротивления и иммунитеты; Контекстные бонусы и режимы бросков.,Контекст броска/применения,False
634,Очарование личности,2014,1,partial,Спасбросок,"Поддержаны спасбросок со Сл и групповые результаты. Требуется отдельное разрешение: Условия наложения, снятия и последствия состояний; Контекстные бонусы и режимы бросков.",Условия и состояния; Контекст броска/применения,False
6277,Очарование личности,2024,1,none,,Правила PHB 2024. Применение особенностей по описанию; автоматизация этой версии не настроена.,Условия и состояния; Снятие эффектов; Контекст броска/применения,False
1059,Очарование монстра,2014,4,partial,Спасбросок,"Поддержаны спасбросок со Сл и групповые результаты. Требуется отдельное разрешение: Условия наложения, снятия и последствия состояний; Контекстные бонусы и режимы бросков.",Условия и состояния; Контекст броска/применения,False
635,Очарование очага,2014,1,none,,"Требуется отдельное разрешение: описанное воздействие на цели, предметы или окружение.",Решение по описанию,False
6278,Очарование чудовища,2024,4,none,,Правила PHB 2024. Применение особенностей по описанию; автоматизация этой версии не настроена.,Условия и состояния; Снятие эффектов; Контекст броска/применения,False
636,Очищение пищи и питья,2014,1,none,,"Требуется отдельное разрешение: описанное воздействие на цели, предметы или окружение.",Снятие эффектов; Сцена и геометрия,True
6279,Очищение пищи и питья,2024,1,none,,Правила PHB 2024. Применение особенностей по описанию; автоматизация этой версии не настроена.,Сцена и геометрия,True
781,Очищение пространства,2014,2,partial,Спасбросок,"Поддержаны спасбросок со Сл и групповые результаты. Требуется отдельное разрешение: описанное воздействие на цели, предметы или окружение.",Сцена и геометрия,True
929,Ощущение Лей,2014,3,none,Концентрация и связанные эффекты,"Требуется отдельное разрешение: описанное воздействие на цели, предметы или окружение.",Решение по описанию,False
930,Падение,2014,3,full,Урон; Спасбросок,"Проверены атака или спасбросок, формула и типы урона, усиление, применение результата к целям из хроники. Геометрия, перемещение, освещение и воздействие на декорации остаются у мастера и не снижают статус.",Сцена и геометрия,True
637,Падение пёрышком,2014,1,none,,"Требуется отдельное разрешение: описанное воздействие на цели, предметы или окружение.",Решение по описанию,False
6280,Падение пёрышком,2024,1,none,,Правила PHB 2024. Применение особенностей по описанию; автоматизация этой версии не настроена.,Решение по описанию,False
638,Палящая кара,2014,1,partial,Урон; Спасбросок; Концентрация и связанные эффекты,"Поддержаны формулы бросков, спасбросок со Сл и групповые результаты. Требуется отдельное разрешение: Повторные срабатывания и вход/выход из области; Изменение конкретного оружия и условия попадания.",Повторные события; Изменение выбранного оружия,False
6281,Палящая кара,2024,1,none,,Правила PHB 2024. Применение особенностей по описанию; автоматизация этой версии не настроена.,Повторные события,False
782,Палящий луч,2014,2,partial,Урон; Атака; Серия атак,Серия отдельных атак и урона в хронике сессии: лучи можно направлять в одну или разные цели. Число лучей учитывает усиление; ячейка расходуется один раз. Без сессии остаются отдельные броски с показом общего числа лучей.,Решение по описанию,False
6282,Палящий луч,2024,2,partial,Урон; Атака; Серия атак,Серия отдельных атак и урона в хронике сессии: лучи можно направлять в одну или разные цели. Число лучей учитывает усиление; ячейка расходуется один раз. Без сессии остаются отдельные броски с показом общего числа лучей.,Решение по описанию,False
1060,Паровой заряд,2014,4,full,Урон; Спасбросок,"Проверены атака или спасбросок, формула и типы урона, усиление, применение результата к целям из хроники. Геометрия, перемещение, освещение и воздействие на декорации остаются у мастера и не снижают статус.",Сцена и геометрия,True
1357,Паровой свисток,2014,8,partial,Урон; Спасбросок,"Поддержаны формулы бросков, спасбросок со Сл и групповые результаты. Требуется отдельное разрешение: Условия наложения, снятия и последствия состояний.",Решение по описанию,False
6283,Парящий диск Тензера,2024,1,none,,Правила PHB 2024. Применение особенностей по описанию; автоматизация этой версии не настроена.,Решение по описанию,False
783,Паук,2014,2,partial,Связанные эффекты; Концентрация и связанные эффекты,"Применение эффекта, длительность и концентрация поддержаны. Сенсорные, языковые и пространственные последствия контролируются по описанию.",Решение по описанию,False
784,Паутина,2014,2,partial,Спасбросок; Отдельные этапы; Концентрация и связанные эффекты,"Урон горящей паутины и спасбросок доступны отдельно. Опутывание, освобождение проверкой Силы и снятие состояния пока вручную.",Повторные события; Условия и состояния; Сцена и геометрия,True
6284,Паутина,2024,2,none,Концентрация и связанные эффекты,Правила PHB 2024. Применение особенностей по описанию; автоматизация этой версии не настроена.,Повторные события; Условия и состояния; Сцена и геометрия,True
6285,Паучье лазание,2024,2,none,Концентрация и связанные эффекты,Правила PHB 2024. Применение особенностей по описанию; автоматизация этой версии не настроена.,Решение по описанию,False
785,Пекло Аганаззара,2014,2,full,Урон; Спасбросок,"Проверены атака или спасбросок, формула и типы урона, усиление, применение результата к целям из хроники. Геометрия, перемещение, освещение и воздействие на декорации остаются у мастера и не снижают статус.",Сцена и геометрия,True
509,Первобытная дикость,2014,0,full,Урон; Атака,"Проверены атака или спасбросок, формула и типы урона, усиление, применение результата к целям из хроники. Геометрия, перемещение, освещение и воздействие на декорации остаются у мастера и не снижают статус.",Решение по описанию,False
1247,Первородный страж,2014,6,none,Концентрация и связанные эффекты,Требуется отдельное разрешение: Повторные срабатывания и вход/выход из области; Условные сопротивления и иммунитеты.,Повторные события,False
931,Перегрузка,2014,3,partial,Урон; Спасбросок; Концентрация и связанные эффекты,"Поддержаны формулы бросков, спасбросок со Сл и групповые результаты. Требуется отдельное разрешение: Повторные срабатывания и вход/выход из области; Изменение конкретного оружия и условия попадания.",Повторные события; Изменение выбранного оружия,False
932,Передача жизни,2014,3,partial,Урон,"Поддержаны формулы бросков. Требуется отдельное разрешение: описанное воздействие на цели, предметы или окружение.",Решение по описанию,False
1061,Переносящая дверь,2014,4,partial,Отдельные этапы,Условные 4к6 силовым полем при занятом месте назначения доступны. Допустимость телепортации и её участников определяет мастер.,Сцена и геометрия,True
6286,Переносящая дверь,2024,4,partial,Отдельные этапы,Правила 2024: условный урон 4к6 при занятом месте назначения выделен отдельно. Само перемещение разрешается участниками.,Сцена и геометрия,True
1062,Перестановка,2014,4,none,,Требуется отдельное разрешение: Перемещение и переходы между планами.,Сцена и геометрия,True
1311,Перст смерти,2014,7,partial,Урон; Спасбросок,"Поддержаны формулы бросков, спасбросок со Сл и групповые результаты. Требуется отдельное разрешение: Повторные срабатывания и вход/выход из области.",Повторные события,False
6287,Перст смерти,2024,7,partial,Урон; Спасбросок,"Правила 2024: типизированная формула, усиление и спасбросок нужного этапа, применение урона в хронике. Создание подконтрольного зомби пока вручную.",Повторные события,False
933,Песня леса,2014,3,none,Концентрация и связанные эффекты,Требуется отдельное разрешение: Контекстные бонусы и режимы бросков.,Контекст броска/применения,False
934,Песчаная стена,2014,3,none,Концентрация и связанные эффекты,"Требуется отдельное разрешение: Создание/контроль существ и их отдельные листы; Условия наложения, снятия и последствия состояний.",Условия и состояния,False
1312,Печать святилища,2014,7,partial,Урон; Спасбросок,"Поддержаны формулы бросков, спасбросок со Сл и групповые результаты. Требуется отдельное разрешение: Перемещение и переходы между планами; Контекстные бонусы и режимы бросков.",Контекст броска/применения; Сцена и геометрия,True
1248,Пир героев,2014,6,partial,Связанные эффекты,"Применяются связанные эффекты и указанные в них модификаторы. Защита от урона ядом и преимущество Мудрости поддержаны. Увеличение максимума на 2к10 с лечением, снятие болезней/отравления и иммунитет состоянию испуга требуют отдельной механики.",Хиты с источником; Снятие эффектов; Контекст броска/применения,False
6288,Пир героев,2024,6,none,,Правила PHB 2024. Применение особенностей по описанию; автоматизация этой версии не настроена.,Хиты с источником; Условия и состояния; Контекст броска/применения; Сцена и геометрия,True
1405,Пироклазм,2014,9,partial,Спасбросок; Отдельные этапы; Концентрация и связанные эффекты,"Добавлены отдельные формулы для описанных этапов; условный урон не применяется автоматически при сотворении. Остывание лавы, половина скорости, состояния и характеристики камня пока вручную.",Повторные события; Условия и состояния; Контекст броска/применения; Сцена и геометрия,True
786,Пиротехника,2014,2,partial,Спасбросок,"Поддержаны спасбросок со Сл и групповые результаты. Требуется отдельное разрешение: Условия наложения, снятия и последствия состояний.",Условия и состояния; Сцена и геометрия,True
510,Писарь,2014,0,none,,"Требуется отдельное разрешение: описанное воздействие на цели, предметы или окружение.",Решение по описанию,False
1167,Пиявка Лей,2014,5,partial,Урон; Атака; Спасбросок; Связанные эффекты; Повторный спасбросок,"Применение эффекта, модификаторы и повторный спасбросок в конце хода со Сл источника; успех автоматически снимает эффект. Допустимость цели (не нежить и не конструкт) проверяется при применении.",Повторные события; Контекст броска/применения,False
935,Пламенный шаг,2014,3,partial,Урон; Концентрация и связанные эффекты,"Поддержаны формулы бросков. Требуется отдельное разрешение: описанное воздействие на цели, предметы или окружение.",Решение по описанию,False
639,Пламя под языком,2014,1,none,,"Требуется отдельное разрешение: описанное воздействие на цели, предметы или окружение.",Решение по описанию,False
1358,Пламя феникса,2014,9,partial,Урон; Спасбросок,"Поддержаны формулы бросков, спасбросок со Сл и групповые результаты. Требуется отдельное разрешение: описанное воздействие на цели, предметы или окружение.",Решение по описанию,False
1168,Планарные узы,2014,5,partial,Спасбросок,Поддержаны спасбросок со Сл и групповые результаты. Требуется отдельное разрешение: Создание/контроль существ и их отдельные листы.,Решение по описанию,False
6289,Планарные узы,2024,5,none,,Правила PHB 2024. Применение особенностей по описанию; автоматизация этой версии не настроена.,Решение по описанию,False
6290,Планарный переход,2024,7,none,,Правила PHB 2024. Применение особенностей по описанию; автоматизация этой версии не настроена.,Сцена и геометрия,True
1249,Планарный союзник,2014,6,none,,"Требуется отдельное разрешение: описанное воздействие на цели, предметы или окружение.",Решение по описанию,False
6291,Планарный союзник,2024,6,none,,Правила PHB 2024. Применение особенностей по описанию; автоматизация этой версии не настроена.,Решение по описанию,False
1250,Платиновый щит Фицбана,2014,6,none,Концентрация и связанные эффекты,Требуется отдельное разрешение: Создание/контроль существ и их отдельные листы; Условные сопротивления и иммунитеты; Контекстные бонусы и режимы бросков.,Подконтрольные существа; Контекст броска/применения; Сцена и геометрия,True
640,Плащ теней,2014,1,none,Концентрация и связанные эффекты,Требуется отдельное разрешение: Контекстные бонусы и режимы бросков.,Контекст броска/применения,False
1169,Пляска смерти,2014,5,none,Концентрация и связанные эффекты,Требуется отдельное разрешение: Контекстные бонусы и режимы бросков.,Контекст броска/применения,False
1251,Пляшущая молния,2014,6,partial,Урон; Спасбросок,"Поддержаны формулы бросков, спасбросок со Сл и групповые результаты. Требуется отдельное разрешение: Создание/контроль существ и их отдельные листы.",Решение по описанию,False
511,Пляшущие огоньки,2014,0,none,Концентрация и связанные эффекты,Требуется отдельное разрешение: Контекстные бонусы и режимы бросков.,Контекст броска/применения; Сцена и геометрия,True
6292,Пляшущие огоньки,2024,0,none,Концентрация и связанные эффекты,Правила PHB 2024. Применение особенностей по описанию; автоматизация этой версии не настроена.,Контекст броска/применения; Сцена и геометрия,True
512,Погасить свет,2014,0,none,,"Требуется отдельное разрешение: описанное воздействие на цели, предметы или окружение.",Решение по описанию,False
641,Поглощение,2014,1,partial,Спасбросок; Концентрация и связанные эффекты,Поддержаны спасбросок со Сл и групповые результаты. Требуется отдельное разрешение: Расход и формулы от костей хитов цели/заклинателя; Повторные срабатывания и вход/выход из области.,Повторные события; Расходы и восстановление,False
1063,Поглощение разума,2014,4,none,,"Требуется отдельное разрешение: описанное воздействие на цели, предметы или окружение.",Решение по описанию,False
642,Поглощение стихий,2014,1,partial,Урон,Поддержаны формулы бросков. Требуется отдельное разрешение: Условные сопротивления и иммунитеты.,Решение по описанию,False
1170,Поглощение энергии,2014,5,none,Концентрация и связанные эффекты,Требуется отдельное разрешение: Условные сопротивления и иммунитеты.,Решение по описанию,False
936,Погребальная песнь повелителей драконов,2014,3,none,,"Требуется отдельное разрешение: описанное воздействие на цели, предметы или окружение.",Снятие эффектов,False
513,Погребальный звон,2014,0,full,Спасбросок; Отдельные этапы,"Проверены атака или спасбросок, формула и типы урона, усиление, применение результата к целям из хроники. Геометрия, перемещение, освещение и воздействие на декорации остаются у мастера и не снижают статус.",Решение по описанию,False
6293,Погребальный звон,2024,0,full,Спасбросок; Отдельные этапы,"Правила 2024: отдельные формулы к8 для полной шкалы ХП и к12 для раненой цели, усиление заговора и спасбросок Мудрости. Условие выбирается перед броском; урон применяется через хронику.",Решение по описанию,False
1252,Погребение,2014,6,partial,Спасбросок,Поддержаны спасбросок со Сл и групповые результаты. Требуется отдельное разрешение: Условные сопротивления и иммунитеты.,Сцена и геометрия,True
787,Под лунным светом,2014,2,none,Концентрация и связанные эффекты,Требуется отдельное разрешение: Контекстные бонусы и режимы бросков.,Контекст броска/применения; Сцена и геометрия,True
937,Подводное дыхание,2014,3,partial,Связанные эффекты,"Применение эффекта, длительность и концентрация поддержаны. Сенсорные, языковые и пространственные последствия контролируются по описанию.",Решение по описанию,False
6294,Подводное дыхание,2024,3,none,,Правила PHB 2024. Применение особенностей по описанию; автоматизация этой версии не настроена.,Решение по описанию,False
788,Подмога,2014,2,partial,Отдельные этапы,Поддержаны формулы бросков. Требуется отдельное разрешение: Изменение максимума или связанных временных хитов.,Хиты с источником,False
6295,Подмога,2024,2,none,,Правила PHB 2024. Применение особенностей по описанию; автоматизация этой версии не настроена.,Хиты с источником,False
6296,Поднятие мертвеца,2024,3,none,,Правила PHB 2024. Применение особенностей по описанию; автоматизация этой версии не настроена.,Подконтрольные существа; Контекст броска/применения,False
1313,Подобие,2014,7,none,,"Требуется отдельное разрешение: Превращение, характеристики формы и возврат исходного состояния; Создание/контроль существ и их отдельные листы; Изменение максимума или связанных временных хитов.",Хиты с источником; Превращение; Контекст броска/применения; Сцена и геометрия,True
6297,Подобие,2024,7,none,,Правила PHB 2024. Применение особенностей по описанию; автоматизация этой версии не настроена.,Хиты с источником; Превращение; Расходы и восстановление,False
938,Подсматривание,2014,3,partial,Связанные эффекты; Концентрация и связанные эффекты,Поддержаны применение связанного эффекта и концентрация. Требуется отдельное разрешение: Создание/контроль существ и их отдельные листы.,Решение по описанию,False
6298,Подсматривание,2024,3,none,Концентрация и связанные эффекты,Правила PHB 2024. Применение особенностей по описанию; автоматизация этой версии не настроена.,Контекст броска/применения,False
1064,Подчинение зверя,2014,4,partial,Спасбросок; Концентрация и связанные эффекты,"Поддержаны спасбросок со Сл и групповые результаты. Требуется отдельное разрешение: Условия наложения, снятия и последствия состояний; Контекстные бонусы и режимы бросков.",Условия и состояния; Связь целей; Контекст броска/применения,False
6299,Подчинение зверя,2024,4,none,Концентрация и связанные эффекты,Правила PHB 2024. Применение особенностей по описанию; автоматизация этой версии не настроена.,Условия и состояния; Снятие эффектов; Контекст броска/применения,False
1171,Подчинение личности,2014,5,partial,Спасбросок; Концентрация и связанные эффекты,"Поддержаны спасбросок со Сл и групповые результаты. Требуется отдельное разрешение: Условия наложения, снятия и последствия состояний; Контекстные бонусы и режимы бросков.",Условия и состояния; Связь целей; Контекст броска/применения,False
6300,Подчинение личности,2024,5,none,Концентрация и связанные эффекты,Правила PHB 2024. Применение особенностей по описанию; автоматизация этой версии не настроена.,Условия и состояния; Снятие эффектов; Контекст броска/применения,False
1359,Подчинение чудовища,2014,8,partial,Спасбросок; Концентрация и связанные эффекты,"Поддержаны спасбросок со Сл и групповые результаты. Требуется отдельное разрешение: Условия наложения, снятия и последствия состояний; Контекстные бонусы и режимы бросков.",Условия и состояния; Связь целей; Контекст броска/применения,False
6301,Подчинение чудовища,2024,8,none,Концентрация и связанные эффекты,Правила PHB 2024. Применение особенностей по описанию; автоматизация этой версии не настроена.,Условия и состояния; Снятие эффектов; Контекст броска/применения,False
1065,Поиск высшего скакуна,2014,4,none,,"Требуется отдельное разрешение: Превращение, характеристики формы и возврат исходного состояния; Создание/контроль существ и их отдельные листы.",Снятие эффектов; Подконтрольные существа,False
789,Поиск животных или растений,2014,2,none,,"Требуется отдельное разрешение: описанное воздействие на цели, предметы или окружение.",Решение по описанию,False
6302,Поиск животных или растений,2024,2,none,,Правила PHB 2024. Применение особенностей по описанию; автоматизация этой версии не настроена.,Решение по описанию,False
790,Поиск ловушек,2014,2,none,,"Требуется отдельное разрешение: описанное воздействие на цели, предметы или окружение.",Сцена и геометрия,True
6303,Поиск ловушек,2024,2,none,,Правила PHB 2024. Применение особенностей по описанию; автоматизация этой версии не настроена.,Сцена и геометрия,True
6304,Поиск объекта,2024,2,none,Концентрация и связанные эффекты,Правила PHB 2024. Применение особенностей по описанию; автоматизация этой версии не настроена.,Решение по описанию,False
791,Поиск предмета,2014,2,none,Концентрация и связанные эффекты,"Требуется отдельное разрешение: описанное воздействие на цели, предметы или окружение.",Решение по описанию,False
1253,Поиск пути,2014,6,none,Концентрация и связанные эффекты,"Требуется отдельное разрешение: описанное воздействие на цели, предметы или окружение.",Решение по описанию,False
6305,Поиск пути,2024,6,none,Концентрация и связанные эффекты,Правила PHB 2024. Применение особенностей по описанию; автоматизация этой версии не настроена.,Сцена и геометрия,True
792,Поиск скакуна,2014,2,none,,Требуется отдельное разрешение: Создание/контроль существ и их отдельные листы.,Решение по описанию,False
1066,Поиск существа,2014,4,none,Концентрация и связанные эффекты,"Требуется отдельное разрешение: Превращение, характеристики формы и возврат исходного состояния.",Превращение,False
6306,Поиск существа,2024,4,none,Концентрация и связанные эффекты,Правила PHB 2024. Применение особенностей по описанию; автоматизация этой версии не настроена.,Условия и состояния; Превращение,False
643,Поиск фамильяра,2014,1,none,,Требуется отдельное разрешение: Контекстные бонусы и режимы бросков.,Контекст броска/применения,False
939,Поймать дыхание,2014,3,partial,Урон; Атака,"Поддержаны формулы бросков, атака заклинанием. Требуется отдельное разрешение: Контекстные бонусы и режимы бросков.",Контекст броска/применения,False
940,Покров духа,2014,3,partial,Урон; Выбор типа урона; Концентрация и связанные эффекты,"Выбор типа урона, типизированная формула, цвет костей и применение защит цели поддержаны. Отдельный бросок дополнительного урона поддержан. Связь с попаданием, запрет лечения и контекст снижения скорости требуют отдельной механики.",Решение по описанию,False
6307,Поле антимагии,2024,8,none,Концентрация и связанные эффекты,Правила PHB 2024. Применение особенностей по описанию; автоматизация этой версии не настроена.,Сцена и геометрия,True
1314,Поле энтропийного урона,2014,3,partial,Спасбросок; Концентрация и связанные эффекты,"Поддержаны спасбросок со Сл и групповые результаты. Требуется отдельное разрешение: описанное воздействие на цели, предметы или окружение.",Общий запас между целями; Связь целей,False
941,Полёт,2014,3,partial,Связанные эффекты; Концентрация и связанные эффекты,"Применение эффекта, длительность и концентрация поддержаны. Сенсорные, языковые и пространственные последствия контролируются по описанию.",Решение по описанию,False
6308,Полёт,2024,3,none,Концентрация и связанные эффекты,Правила PHB 2024. Применение особенностей по описанию; автоматизация этой версии не настроена.,Решение по описанию,False
644,Ползущая рука,2014,1,none,Концентрация и связанные эффекты,"Требуется отдельное разрешение: Превращение, характеристики формы и возврат исходного состояния.",Решение по описанию,False
1254,Полное исцеление,2014,6,partial,Применение лечения,"Применяются 70 хитов и усиление за круг. Снятие слепоты, глухоты и болезней — вручную.",Решение по описанию,False
1406,Полное превращение,2014,9,none,Концентрация и связанные эффекты,"Требуется отдельное разрешение: Превращение, характеристики формы и возврат исходного состояния; Расход и формулы от костей хитов цели/заклинателя; Контекстные бонусы и режимы бросков.",Превращение; Расходы и восстановление; Контекст броска/применения,False
942,Помощь с фланга,2014,3,partial,Спасбросок; Концентрация и связанные эффекты,Поддержаны спасбросок со Сл и групповые результаты. Требуется отдельное разрешение: Повторные срабатывания и вход/выход из области; Контекстные бонусы и режимы бросков.,Повторные события; Контекст броска/применения; Сцена и геометрия,True
645,Понимание языков,2014,1,partial,Связанные эффекты,"Применение эффекта, длительность и концентрация поддержаны. Сенсорные, языковые и пространственные последствия контролируются по описанию.",Решение по описанию,False
6309,Понимание языков,2024,1,none,,Правила PHB 2024. Применение особенностей по описанию; автоматизация этой версии не настроена.,Решение по описанию,False
1172,Поражающая разум спора,2014,5,partial,Спасбросок; Отдельные этапы,"Добавлены отдельные формулы для описанных этапов; условный урон не применяется автоматически при сотворении. Рост споры по дням/годам, обнаружение, лечение болезни и контроль цели требуют отдельной механики.",Подконтрольные существа; Контекст броска/применения,False
1255,Поражение,2014,6,partial,Урон; Спасбросок,"Поддержаны формулы бросков, спасбросок со Сл и групповые результаты. Требуется отдельное разрешение: Изменение максимума или связанных временных хитов.",Хиты с источником,False
6310,Поражение,2024,6,partial,Урон; Спасбросок,"Правила 2024: типизированная формула, усиление и спасбросок нужного этапа, применение урона в хронике. Связанное уменьшение максимума ХП пока вручную.",Хиты с источником,False
6311,Поросль шипов,2024,2,none,Концентрация и связанные эффекты,Правила PHB 2024. Применение особенностей по описанию; автоматизация этой версии не настроена.,Сцена и геометрия,True
646,Порча,2014,1,partial,Спасбросок; Связанные эффекты; Концентрация и связанные эффекты,"Спасбросок, применение штрафа и концентрация поддержаны. Перед наложением подтвердите провал спасброска.",Решение по описанию,False
6312,Порча,2024,1,none,Концентрация и связанные эффекты,Правила PHB 2024. Применение особенностей по описанию; автоматизация этой версии не настроена.,Решение по описанию,False
793,Порыв ветра,2014,2,partial,Спасбросок; Концентрация и связанные эффекты,Поддержаны спасбросок со Сл и групповые результаты. Требуется отдельное разрешение: Контекстные бонусы и режимы бросков.,Контекст броска/применения,False
6313,Порыв ветра,2024,2,none,Концентрация и связанные эффекты,Правила PHB 2024. Применение особенностей по описанию; автоматизация этой версии не настроена.,Контекст броска/применения; Сцена и геометрия,True
1173,Посеять буйство,2014,5,partial,Спасбросок; Концентрация и связанные эффекты,"Поддержаны спасбросок со Сл и групповые результаты. Требуется отдельное разрешение: Условия наложения, снятия и последствия состояний; Повторные срабатывания и вход/выход из области.",Повторные события; Условия и состояния,False
943,Послание,2014,3,none,,"Требуется отдельное разрешение: описанное воздействие на цели, предметы или окружение.",Решение по описанию,False
6314,Послание,2024,3,none,,Правила PHB 2024. Применение особенностей по описанию; автоматизация этой версии не настроена.,Решение по описанию,False
1315,Последние лучи заходящего солнца,2014,7,full,Урон; Спасбросок,"Проверены атака или спасбросок, формула и типы урона, усиление, применение результата к целям из хроники. Геометрия, перемещение, освещение и воздействие на декорации остаются у мастера и не снижают статус.",Сцена и геометрия,True
647,Поспешное отступление,2014,1,partial,Связанные эффекты; Концентрация и связанные эффекты,"Эффект, длительность и концентрация поддержаны. Рывок и расход бонусного действия отмечаются вручную.",Контекст броска/применения,False
6315,Поспешное отступление,2024,1,none,Концентрация и связанные эффекты,Правила PHB 2024. Применение особенностей по описанию; автоматизация этой версии не настроена.,Контекст броска/применения,False
944,Поступь Ашардалона,2014,3,partial,Урон; Концентрация и связанные эффекты,"Поддержаны формулы бросков. Требуется отдельное разрешение: описанное воздействие на цели, предметы или окружение.",Решение по описанию,False
6316,Потайной сундук Леомунда,2024,4,none,,Правила PHB 2024. Применение особенностей по описанию; автоматизация этой версии не настроена.,Сцена и геометрия,True
648,Поток,2014,1,partial,Урон; Спасбросок,"Поддержаны формулы бросков, спасбросок со Сл и групповые результаты. Требуется отдельное разрешение: Контекстные бонусы и режимы бросков.",Условия и состояния; Контекст броска/применения; Сцена и геометрия,True
1174,Поток негативной энергии,2014,5,partial,Урон; Спасбросок,"Поддержаны формулы бросков, спасбросок со Сл и групповые результаты. Требуется отдельное разрешение: Изменение максимума или связанных временных хитов; Повторные срабатывания и вход/выход из области.",Хиты с источником; Повторные события,False
1256,Потусторонний облик Таши,2014,6,partial,Связанные эффекты; Концентрация и связанные эффекты,"КД и иммунитеты к урону применяются. Полёт, иммунитет к состоянию, замена характеристики оружия и дополнительная атака — вручную.",Условия и состояния; Изменение выбранного оружия; Контекст броска/применения,False
1257,Потусторонняя форма,2014,6,partial,Связанные эффекты; Концентрация и связанные эффекты,"КД и иммунитеты к урону применяются. Полёт, иммунитет к состоянию, замена характеристики оружия и дополнительная атака — вручную.",Условия и состояния; Изменение выбранного оружия; Создание предмета; Контекст броска/применения,False
514,Потусторонняя хватка,2014,0,partial,Урон; Атака; Концентрация и связанные эффекты,"Поддержаны формулы бросков, атака заклинанием. Требуется отдельное разрешение: Превращение, характеристики формы и возврат исходного состояния; Изменение максимума или связанных временных хитов.",Хиты с источником; Превращение,False
649,Почётный гость,2014,1,none,,Требуется отдельное разрешение: Контекстные бонусы и режимы бросков.,Контекст броска/применения,False
515,Починка,2014,0,none,,"Требуется отдельное разрешение: описанное воздействие на цели, предметы или окружение.",Решение по описанию,False
6317,Починка,2024,0,none,,Правила PHB 2024. Применение особенностей по описанию; автоматизация этой версии не настроена.,Решение по описанию,False
794,Починка металла,2014,2,partial,Формула лечения,Формула доступна для броска. Лечение конструкта и особые ограничения цели.,Решение по описанию,False
795,Почтовое животное,2014,2,none,,"Требуется отдельное разрешение: описанное воздействие на цели, предметы или окружение.",Решение по описанию,False
6318,Почтовое животное,2024,2,none,,Правила PHB 2024. Применение особенностей по описанию; автоматизация этой версии не настроена.,Решение по описанию,False
650,Почувствовать эмоции,2014,1,none,Концентрация и связанные эффекты,"Требуется отдельное разрешение: Условия наложения, снятия и последствия состояний; Условные сопротивления и иммунитеты.",Условия и состояния,False
1067,Превращение,2014,4,partial,Спасбросок; Концентрация и связанные эффекты,"Поддержаны спасбросок со Сл и групповые результаты. Требуется отдельное разрешение: Превращение, характеристики формы и возврат исходного состояния; Контекстные бонусы и режимы бросков.",Контекст броска/применения,False
6319,Превращение,2024,4,none,Концентрация и связанные эффекты,Правила PHB 2024. Применение особенностей по описанию; автоматизация этой версии не настроена.,Хиты с источником; Расходы и восстановление; Контекст броска/применения,False
945,Превращение в животное,2014,3,partial,Спасбросок; Концентрация и связанные эффекты,"Поддержаны спасбросок со Сл и групповые результаты. Требуется отдельное разрешение: Превращение, характеристики формы и возврат исходного состояния; Условия наложения, снятия и последствия состояний; Условные сопротивления и иммунитеты.",Условия и состояния; Превращение,False
1360,Превращение в животных,2014,8,none,Концентрация и связанные эффекты,"Требуется отдельное разрешение: Превращение, характеристики формы и возврат исходного состояния; Контекстные бонусы и режимы бросков.",Превращение; Смерть и её предотвращение; Контекст броска/применения,False
6320,Превращение в животных,2024,8,none,,Правила PHB 2024. Применение особенностей по описанию; автоматизация этой версии не настроена.,Хиты с источником; Расходы и восстановление; Контекст броска/применения,False
1175,Преграда жизни,2014,5,none,Концентрация и связанные эффекты,"Требуется отдельное разрешение: описанное воздействие на цели, предметы или окружение.",Решение по описанию,False
6321,Преграда жизни,2024,5,none,Концентрация и связанные эффекты,Правила PHB 2024. Применение особенностей по описанию; автоматизация этой версии не настроена.,Решение по описанию,False
1361,Преграда магии,2014,8,none,Концентрация и связанные эффекты,"Требуется отдельное разрешение: Перемещение и переходы между планами; Условия наложения, снятия и последствия состояний.",Условия и состояния; Сцена и геометрия,True
1407,Предвидение,2014,9,partial,Связанные эффекты,Преимущество собственным броскам применяется. Внезапность и помеха чужим атакам — вручную.,Контекст броска/применения,False
6322,Предвидение,2024,9,none,,Правила PHB 2024. Применение особенностей по описанию; автоматизация этой версии не настроена.,Контекст броска/применения,False
1258,Предосторожность,2014,6,none,,"Требуется отдельное разрешение: описанное воздействие на цели, предметы или окружение.",Решение по описанию,False
6323,Предосторожность,2024,6,none,,Правила PHB 2024. Применение особенностей по описанию; автоматизация этой версии не настроена.,Решение по описанию,False
1068,Предсказание,2014,4,none,,"Требуется отдельное разрешение: описанное воздействие на цели, предметы или окружение.",Решение по описанию,False
6324,Предсказание,2024,4,none,,Правила PHB 2024. Применение особенностей по описанию; автоматизация этой версии не настроена.,Расходы и восстановление,False
796,Предупредительный окрик,2014,2,full,Связанные эффекты,"Применение эффекта, длительность и заявленные бонусы поддержаны.",Контекст броска/применения,False
6325,Преображение,2024,9,none,Концентрация и связанные эффекты,Правила PHB 2024. Применение особенностей по описанию; автоматизация этой версии не настроена.,Хиты с источником; Превращение; Расходы и восстановление,False
1176,Преобразование камня,2014,5,partial,Отдельные этапы,"Добавлены отдельные формулы для описанных этапов; условный урон не применяется автоматически при сотворении. Порядок этапов, условия попадания в область, дополнительные состояния и их окончание контролируются участниками.",Повторные события; Условия и состояния; Превращение; Сцена и геометрия,True
651,Привлекательный подарок,2014,1,partial,Спасбросок,"Поддержаны спасбросок со Сл и групповые результаты. Требуется отдельное разрешение: описанное воздействие на цели, предметы или окружение.",Решение по описанию,False
1362,Призвать звезду,2014,8,partial,Спасбросок; Концентрация и связанные эффекты,"Поддержаны спасбросок со Сл и групповые результаты. Требуется отдельное разрешение: Превращение, характеристики формы и возврат исходного состояния; Создание/контроль существ и их отдельные листы; Условия наложения, снятия и последствия состояний.",Повторные события; Условия и состояния,False
946,Призрачный дракон,2014,3,partial,Спасбросок; Концентрация и связанные эффекты,"Поддержаны спасбросок со Сл и групповые результаты. Требуется отдельное разрешение: Условия наложения, снятия и последствия состояний.",Условия и состояния; Сцена и геометрия,True
652,Призрачный свет,2014,1,none,,"Требуется отдельное разрешение: описанное воздействие на цели, предметы или окружение.",Сцена и геометрия,True
947,Призрачный скакун,2014,3,none,,"Требуется отдельное разрешение: описанное воздействие на цели, предметы или окружение.",Решение по описанию,False
6326,Призрачный скакун,2024,3,none,,Правила PHB 2024. Применение особенностей по описанию; автоматизация этой версии не настроена.,Решение по описанию,False
1069,Призыв высшего демона,2014,4,partial,Спасбросок; Концентрация и связанные эффекты,Поддержаны спасбросок со Сл и групповые результаты. Требуется отдельное разрешение: Создание/контроль существ и их отдельные листы; Повторные срабатывания и вход/выход из области; Контекстные бонусы и режимы бросков.,Повторные события; Контекст броска/применения,False
1070,Призыв духа аберрации,2014,4,none,Концентрация и связанные эффекты,"Требуется отдельное разрешение: описанное воздействие на цели, предметы или окружение.",Решение по описанию,False
948,Призыв духа воителя,2014,3,none,Концентрация и связанные эффекты,"Требуется отдельное разрешение: описанное воздействие на цели, предметы или окружение.",Решение по описанию,False
1177,Призыв Духа Дракона,2014,5,none,Концентрация и связанные эффекты,"Требуется отдельное разрешение: описанное воздействие на цели, предметы или окружение.",Решение по описанию,False
797,Призыв духа зверя,2014,2,none,Концентрация и связанные эффекты,"Требуется отдельное разрешение: Превращение, характеристики формы и возврат исходного состояния.",Решение по описанию,False
1259,Призыв духа исчадия,2014,6,none,Концентрация и связанные эффекты,"Требуется отдельное разрешение: описанное воздействие на цели, предметы или окружение.",Решение по описанию,False
1071,Призыв духа конструкта,2014,4,none,Концентрация и связанные эффекты,"Требуется отдельное разрешение: описанное воздействие на цели, предметы или окружение.",Решение по описанию,False
1178,Призыв духа небожителей,2014,5,none,Концентрация и связанные эффекты,"Требуется отдельное разрешение: описанное воздействие на цели, предметы или окружение.",Решение по описанию,False
949,Призыв духа нежити,2014,3,none,Концентрация и связанные эффекты,"Требуется отдельное разрешение: Превращение, характеристики формы и возврат исходного состояния.",Решение по описанию,False
950,Призыв духа порождения теней,2014,3,none,Концентрация и связанные эффекты,Требуется отдельное разрешение: Создание/контроль существ и их отдельные листы.,Подконтрольные существа,False
951,Призыв духа феи,2014,3,none,Концентрация и связанные эффекты,"Требуется отдельное разрешение: описанное воздействие на цели, предметы или окружение.",Решение по описанию,False
1072,Призыв духа элементалей,2014,4,none,Концентрация и связанные эффекты,"Требуется отдельное разрешение: описанное воздействие на цели, предметы или окружение.",Решение по описанию,False
6327,Призыв Животных,2024,3,none,Концентрация и связанные эффекты,Правила PHB 2024. Применение особенностей по описанию; автоматизация этой версии не настроена.,Подконтрольные существа; Контекст броска/применения,False
6328,Призыв залпа,2024,5,full,Урон; Спасбросок,"Правила 2024: типизированная формула, усиление и спасбросок нужного этапа, применение урона в хронике. Геометрию и перемещение определяет мастер.",Решение по описанию,False
6329,Призыв лесных обитателей,2024,4,none,Концентрация и связанные эффекты,Правила PHB 2024. Применение особенностей по описанию; автоматизация этой версии не настроена.,Подконтрольные существа; Контекст броска/применения,False
6330,Призыв малых Элементалей,2024,4,none,Концентрация и связанные эффекты,Правила PHB 2024. Применение особенностей по описанию; автоматизация этой версии не настроена.,Подконтрольные существа; Сцена и геометрия,True
952,Призыв молнии,2014,3,partial,Урон; Спасбросок; Концентрация и связанные эффекты,"Поддержаны формулы бросков, спасбросок со Сл и групповые результаты. Требуется отдельное разрешение: описанное воздействие на цели, предметы или окружение.",Решение по описанию,False
6331,Призыв молнии,2024,3,none,Концентрация и связанные эффекты,Правила PHB 2024. Применение особенностей по описанию; автоматизация этой версии не настроена.,Решение по описанию,False
6332,Призыв Небожителя,2024,7,none,Концентрация и связанные эффекты,Правила PHB 2024. Применение особенностей по описанию; автоматизация этой версии не настроена.,Подконтрольные существа; Сцена и геометрия,True
953,Призыв низших демонов,2014,3,none,Концентрация и связанные эффекты,Требуется отдельное разрешение: Создание/контроль существ и их отдельные листы; Выбор результата по таблице/случайной ветке.,Случайный результат,False
1073,Призыв табуна,2014,4,partial,Урон; Спасбросок,"Поддержаны формулы бросков, спасбросок со Сл и групповые результаты. Требуется отдельное разрешение: Создание/контроль существ и их отдельные листы; Условия наложения, снятия и последствия состояний; Повторные срабатывания и вход/выход из области.",Повторные события; Условия и состояния; Подконтрольные существа; Сцена и геометрия,True
954,Призыв теневого мастиффа,2014,3,none,Концентрация и связанные эффекты,Требуется отдельное разрешение: Создание/контроль существ и их отдельные листы.,Подконтрольные существа,False
6333,Призыв Феи,2024,6,none,Концентрация и связанные эффекты,Правила PHB 2024. Применение особенностей по описанию; автоматизация этой версии не настроена.,Условия и состояния; Подконтрольные существа; Контекст броска/применения; Сцена и геометрия,True
6334,Призыв шквала снарядов,2024,3,full,Урон; Спасбросок,"Правила 2024: типизированная формула, усиление и спасбросок нужного этапа, применение урона в хронике. Геометрию и перемещение определяет мастер.",Сцена и геометрия,True
6335,Призыв Элементаля,2024,5,none,Концентрация и связанные эффекты,Правила PHB 2024. Применение особенностей по описанию; автоматизация этой версии не настроена.,Повторные события; Условия и состояния; Подконтрольные существа,False
653,Приказ,2014,1,partial,Спасбросок,"Поддержаны спасбросок со Сл и групповые результаты. Требуется отдельное разрешение: описанное воздействие на цели, предметы или окружение.",Повторные события; Условия и состояния,False
6336,Приказ,2024,1,none,,Правила PHB 2024. Применение особенностей по описанию; автоматизация этой версии не настроена.,Условия и состояния; Контекст броска/применения,False
955,Прикосновение вампира,2014,3,partial,Урон; Атака; Концентрация и связанные эффекты,"Поддержаны формулы бросков, атака заклинанием. Требуется отдельное разрешение: описанное воздействие на цели, предметы или окружение.",Решение по описанию,False
6337,Прикосновение вампира,2024,3,none,Концентрация и связанные эффекты,Правила PHB 2024. Применение особенностей по описанию; автоматизация этой версии не настроена.,Решение по описанию,False
654,Прилив крови,2014,1,none,,Требуется отдельное разрешение: Расход и формулы от костей хитов цели/заклинателя.,Расходы и восстановление,False
956,Приливная волна,2014,3,partial,Урон; Спасбросок,"Поддержаны формулы бросков, спасбросок со Сл и групповые результаты. Требуется отдельное разрешение: Создание/контроль существ и их отдельные листы.",Сцена и геометрия,True
1363,Принесение механизма в жертву,2014,8,none,Концентрация и связанные эффекты,"Требуется отдельное разрешение: Условия наложения, снятия и последствия состояний; Условные сопротивления и иммунитеты.",Условия и состояния,False
1074,Принуждение,2014,4,partial,Спасбросок; Концентрация и связанные эффекты,"Поддержаны спасбросок со Сл и групповые результаты. Требуется отдельное разрешение: Условия наложения, снятия и последствия состояний; Контекстные бонусы и режимы бросков.",Условия и состояния; Контекст броска/применения,False
6338,Принуждение,2024,4,none,Концентрация и связанные эффекты,Правила PHB 2024. Применение особенностей по описанию; автоматизация этой версии не настроена.,Условия и состояния; Контекст броска/применения,False
957,Принуждённая судьба,2014,3,partial,Спасбросок,Поддержаны спасбросок со Сл и групповые результаты. Требуется отдельное разрешение: Контекстные бонусы и режимы бросков.,Контекст броска/применения,False
958,Притворная смерть,2014,3,partial,Связанные эффекты,"Сопротивления и блокировка заклинаний поддержаны. Скорость 0, недееспособность, слепота и приостановка болезней — вручную.",Условия и состояния; Снятие эффектов,False
6339,Притворная смерть,2024,3,none,,Правила PHB 2024. Применение особенностей по описанию; автоматизация этой версии не настроена.,Условия и состояния,False
1179,Притворство,2014,5,partial,Спасбросок,"Поддержаны спасбросок со Сл и групповые результаты. Требуется отдельное разрешение: описанное воздействие на цели, предметы или окружение.",Сцена и геометрия,True
6340,Притворство,2024,5,none,,Правила PHB 2024. Применение особенностей по описанию; автоматизация этой версии не настроена.,Сцена и геометрия,True
655,Притяжение,2014,1,partial,Урон; Спасбросок,"Поддержаны формулы бросков, спасбросок со Сл и групповые результаты. Требуется отдельное разрешение: описанное воздействие на цели, предметы или окружение.",Сцена и геометрия,True
656,Пришпорить скакуна,2014,1,none,,Требуется отдельное разрешение: Контекстные бонусы и режимы бросков.,Контекст броска/применения,False
959,Пробуждение жадности,2014,3,partial,Спасбросок; Концентрация и связанные эффекты,"Поддержаны спасбросок со Сл и групповые результаты. Требуется отдельное разрешение: Условия наложения, снятия и последствия состояний; Повторные срабатывания и вход/выход из области.",Повторные события; Условия и состояния,False
1180,Пробуждение разума,2014,5,none,,"Требуется отдельное разрешение: Условия наложения, снятия и последствия состояний.",Условия и состояния,False
6341,Пробуждение разума,2024,5,none,,Правила PHB 2024. Применение особенностей по описанию; автоматизация этой версии не настроена.,Условия и состояния,False
1260,Прогулка по извилистой тропе,2014,6,none,,Требуется отдельное разрешение: Повторные срабатывания и вход/выход из области.,Повторные события,False
1316,Проекция,2014,7,none,Концентрация и связанные эффекты,Требуется отдельное разрешение: Создание/контроль существ и их отдельные листы; Контекстные бонусы и режимы бросков.,Подконтрольные существа; Контекст броска/применения; Сцена и геометрия,True
6342,Проекция,2024,7,none,Концентрация и связанные эффекты,Правила PHB 2024. Применение особенностей по описанию; автоматизация этой версии не настроена.,Подконтрольные существа; Сцена и геометрия,True
1408,Проекция в астрал,2014,9,none,,Требуется отдельное разрешение: Перемещение и переходы между планами.,Решение по описанию,False
6343,Проекция в астрал,2024,9,none,,Правила PHB 2024. Применение особенностей по описанию; автоматизация этой версии не настроена.,Снятие эффектов,False
960,Проклятие,2014,3,partial,Спасбросок; Концентрация и связанные эффекты,Поддержаны спасбросок со Сл и групповые результаты. Требуется отдельное разрешение: Повторные срабатывания и вход/выход из области; Контекстные бонусы и режимы бросков.,Повторные события; Контекст броска/применения,False
6344,Проклятие,2024,3,none,Концентрация и связанные эффекты,Правила PHB 2024. Применение особенностей по описанию; автоматизация этой версии не настроена.,Повторные события; Контекст броска/применения,False
1317,Проклятие древесной кожи,2014,7,partial,Спасбросок,"Поддержаны спасбросок со Сл и групповые результаты. Требуется отдельное разрешение: Превращение, характеристики формы и возврат исходного состояния; Условия наложения, снятия и последствия состояний; Повторные срабатывания и вход/выход из области.",Повторные события; Накопление результатов; Условия и состояния; Превращение,False
1181,Проклятое кольцо,2014,5,none,,"Требуется отдельное разрешение: описанное воздействие на цели, предметы или окружение.",Решение по описанию,False
1075,Проклятое прикосновение,2014,4,partial,Спасбросок; Концентрация и связанные эффекты,"Поддержаны спасбросок со Сл и групповые результаты. Требуется отдельное разрешение: Превращение, характеристики формы и возврат исходного состояния; Условия наложения, снятия и последствия состояний; Повторные срабатывания и вход/выход из области.",Повторные события; Накопление результатов; Условия и состояния,False
1076,Проклятый дар,2014,4,partial,Спасбросок,"Поддержаны спасбросок со Сл и групповые результаты. Требуется отдельное разрешение: описанное воздействие на цели, предметы или окружение.",Решение по описанию,False
1318,Проклятый прах,2014,7,partial,Спасбросок,"Поддержаны спасбросок со Сл и групповые результаты. Требуется отдельное разрешение: описанное воздействие на цели, предметы или окружение.",Решение по описанию,False
1261,Проклятье Борея,2014,6,partial,Спасбросок,"Поддержаны спасбросок со Сл и групповые результаты. Требуется отдельное разрешение: Условия наложения, снятия и последствия состояний.",Условия и состояния,False
961,Проклятье некомпетентности,2014,3,partial,Спасбросок; Концентрация и связанные эффекты,Поддержаны спасбросок со Сл и групповые результаты. Требуется отдельное разрешение: Контекстные бонусы и режимы бросков.,Контекст броска/применения,False
1077,Проклятье стихий,2014,4,partial,Спасбросок; Отдельные этапы; Концентрация и связанные эффекты,"Выбор типа урона, типизированная формула, цвет костей и применение защит цели поддержаны. Поддержан дополнительный урон выбранного вида. Снятие сопротивления, первое срабатывание за ход и окончание проклятия пока вручную.",Повторные события,False
798,Пронзание разума,2014,2,partial,Урон; Спасбросок; Концентрация и связанные эффекты,"Поддержаны формулы бросков, спасбросок со Сл и групповые результаты. Требуется отдельное разрешение: описанное воздействие на цели, предметы или окружение.",Решение по описанию,False
6345,Пронзание разума,2024,2,none,Концентрация и связанные эффекты,Правила PHB 2024. Применение особенностей по описанию; автоматизация этой версии не настроена.,Расходы и восстановление,False
962,Пронзающий корень,2014,3,partial,Урон; Спасбросок; Концентрация и связанные эффекты,"Поддержаны формулы бросков, спасбросок со Сл и групповые результаты. Требуется отдельное разрешение: Создание/контроль существ и их отдельные листы.",Подконтрольные существа,False
516,Пронзающий шип,2014,0,partial,Спасбросок; Концентрация и связанные эффекты,"Поддержаны спасбросок со Сл и групповые результаты. Требуется отдельное разрешение: описанное воздействие на цели, предметы или окружение.",Решение по описанию,False
963,Пространственный толчок,2014,3,partial,Спасбросок,"Поддержаны спасбросок со Сл и групповые результаты. Требуется отдельное разрешение: описанное воздействие на цели, предметы или окружение.",Решение по описанию,False
657,Прыжок,2014,1,partial,Связанные эффекты,"Применение эффекта, длительность и концентрация поддержаны. Сенсорные, языковые и пространственные последствия контролируются по описанию.",Решение по описанию,False
6346,Прыжок,2024,1,none,,Правила PHB 2024. Применение особенностей по описанию; автоматизация этой версии не настроена.,Решение по описанию,False
1364,Прыжок во времени,2014,8,partial,Спасбросок; Отдельные этапы,"Добавлены отдельные формулы для описанных этапов; условный урон не применяется автоматически при сотворении. Порядок этапов, условия попадания в область, дополнительные состояния и их окончание контролируются участниками.",Решение по описанию,False
658,Псевдожизнь,2014,1,partial,Временные хиты,"Временные ХП применяются, не складываются и не восстанавливают обычные. Истечение часа и снятие оставшихся ХП именно этого источника пока отмечаются вручную.",Хиты с источником,False
6347,Псевдожизнь,2024,1,full,Временные хиты,"Правила 2024: 2к4 + 4 временных ХП, +5 за круг выше; применение к себе, расход ячейки, результат в уведомлении/хронике. Временные ХП не складываются и не заменяют лечение.",Хиты с источником,False
964,Псионический заряд,2014,3,partial,Урон; Спасбросок,"Поддержаны формулы бросков, спасбросок со Сл и групповые результаты. Требуется отдельное разрешение: описанное воздействие на цели, предметы или окружение.",Сцена и геометрия,True
799,Психическая плеть Таши,2014,2,partial,Урон; Спасбросок,"Поддержаны формулы бросков, спасбросок со Сл и групповые результаты. Требуется отдельное разрешение: Контекстные бонусы и режимы бросков.",Контекст броска/применения,False
1409,Психический крик,2014,9,partial,Урон; Спасбросок,"Поддержаны формулы бросков, спасбросок со Сл и групповые результаты. Требуется отдельное разрешение: Повторные срабатывания и вход/выход из области.",Повторные события; Условия и состояния,False
1078,Психическое копье Раулотима,2014,4,partial,Урон; Спасбросок; Связанные эффекты,Применяются связанные эффекты и указанные в них модификаторы. Эффект блокирует сотворение и концентрацию. Остальные действия и реакции пока не блокируются автоматически.,Условия и состояния,False
1262,Психическое разрушение,2014,6,partial,Урон; Спасбросок,"Поддержаны формулы бросков, спасбросок со Сл и групповые результаты. Требуется отдельное разрешение: Повторные срабатывания и вход/выход из области.",Повторные события; Условия и состояния,False
659,Путеводная звезда,2014,1,none,,"Требуется отдельное разрешение: описанное воздействие на цели, предметы или окружение.",Решение по описанию,False
1263,Путешествие через растения,2014,6,none,,"Требуется отдельное разрешение: описанное воздействие на цели, предметы или окружение.",Решение по описанию,False
6348,Путешествие через растения,2024,6,none,,Правила PHB 2024. Применение особенностей по описанию; автоматизация этой версии не настроена.,Решение по описанию,False
1264,Пути дриады,2014,6,none,Концентрация и связанные эффекты,"Требуется отдельное разрешение: описанное воздействие на цели, предметы или окружение.",Решение по описанию,False
1182,Пылающая колесница,2014,5,partial,Спасбросок; Отдельные этапы,"Добавлены отдельные формулы для описанных этапов; условный урон не применяется автоматически при сотворении. Порядок этапов, условия попадания в область, дополнительные состояния и их окончание контролируются участниками.",Контекст броска/применения,False
965,Пылающие стрелы,2014,3,partial,Урон; Концентрация и связанные эффекты,Урон одного снаряда поддержан и не увеличивается от круга. Круг увеличивает запас снарядов; его отдельный ресурс и расход требуют дополнительной механики.,Изменение выбранного оружия,False
800,Пылающий шар,2014,2,partial,Урон; Спасбросок; Концентрация и связанные эффекты,"Поддержаны формулы бросков, спасбросок со Сл и групповые результаты. Требуется отдельное разрешение: Контекстные бонусы и режимы бросков.",Контекст броска/применения; Сцена и геометрия,True
6349,Пылающий шар,2024,2,none,Концентрация и связанные эффекты,Правила PHB 2024. Применение особенностей по описанию; автоматизация этой версии не настроена.,Контекст броска/применения; Сцена и геометрия,True
801,Пылевой вихрь,2014,2,partial,Урон; Спасбросок; Концентрация и связанные эффекты,"Поддержаны формулы бросков, спасбросок со Сл и групповые результаты. Требуется отдельное разрешение: Контекстные бонусы и режимы бросков.",Контекст броска/применения; Сцена и геометрия,True
1410,Радужная стена,2014,9,none,,"Требуется отдельное разрешение: Несколько разных спасбросков: этапы и цели нельзя смешивать; Превращение, характеристики формы и возврат исходного состояния; Перемещение и переходы между планами.",Повторные события; Накопление результатов; Условия и состояния; Сцена и геометрия,True
6350,Радужная стена,2024,9,none,,Правила PHB 2024. Применение особенностей по описанию; автоматизация этой версии не настроена.,Повторные события; Накопление результатов; Условия и состояния; Снятие эффектов; Случайный результат; Сцена и геометрия,True
1319,Радужные брызги,2014,7,partial,Спасбросок,"Поддержаны спасбросок со Сл и групповые результаты. Требуется отдельное разрешение: Превращение, характеристики формы и возврат исходного состояния; Перемещение и переходы между планами; Условия наложения, снятия и последствия состояний.",Повторные события; Накопление результатов; Условия и состояния; Случайный результат; Сцена и геометрия,True
6351,Радужные брызги,2024,7,none,,Правила PHB 2024. Применение особенностей по описанию; автоматизация этой версии не настроена.,Повторные события; Накопление результатов; Условия и состояния; Снятие эффектов; Случайный результат; Сцена и геометрия,True
1183,Радужный луч,2014,5,none,,"Требуется отдельное разрешение: Условия наложения, снятия и последствия состояний; Повторные срабатывания и вход/выход из области.",Повторные события; Условия и состояния,False
802,Разбрасывание карт,2014,2,partial,Урон; Спасбросок,"Поддержаны формулы бросков, спасбросок со Сл и групповые результаты. Требуется отдельное разрешение: Несколько разных спасбросков: этапы и цели нельзя смешивать; Условия наложения, снятия и последствия состояний.",Условия и состояния; Сцена и геометрия,True
803,Разбрасывание карт,2014,2,partial,Урон; Спасбросок,"Поддержаны формулы бросков, спасбросок со Сл и групповые результаты. Требуется отдельное разрешение: Условия наложения, снятия и последствия состояний.",Условия и состояния; Сцена и геометрия,True
804,Развалина,2014,2,partial,Спасбросок; Концентрация и связанные эффекты,Поддержаны спасбросок со Сл и групповые результаты. Требуется отдельное разрешение: Повторные срабатывания и вход/выход из области; Контекстные бонусы и режимы бросков.,Повторные события; Контекст броска/применения,False
660,Разговор с животными,2014,1,none,,"Требуется отдельное разрешение: описанное воздействие на цели, предметы или окружение.",Решение по описанию,False
6352,Разговор с животными,2024,1,none,,Правила PHB 2024. Применение особенностей по описанию; автоматизация этой версии не настроена.,Решение по описанию,False
966,Разговор с мёртвыми,2014,3,none,,Требуется отдельное разрешение: Создание/контроль существ и их отдельные листы.,Подконтрольные существа,False
6353,Разговор с мёртвыми,2024,3,none,,Правила PHB 2024. Применение особенностей по описанию; автоматизация этой версии не настроена.,Подконтрольные существа,False
661,Разговор с предметами,2014,1,none,,"Требуется отдельное разрешение: описанное воздействие на цели, предметы или окружение.",Решение по описанию,False
967,Разговор с растениями,2014,3,none,,"Требуется отдельное разрешение: описанное воздействие на цели, предметы или окружение.",Сцена и геометрия,True
6354,Разговор с растениями,2024,3,none,,Правила PHB 2024. Применение особенностей по описанию; автоматизация этой версии не настроена.,Сцена и геометрия,True
805,Размытый образ,2014,2,none,Концентрация и связанные эффекты,Требуется отдельное разрешение: Условные сопротивления и иммунитеты; Контекстные бонусы и режимы бросков.,Контекст броска/применения; Сцена и геометрия,True
6355,Размытый образ,2024,2,none,Концентрация и связанные эффекты,Правила PHB 2024. Применение особенностей по описанию; автоматизация этой версии не настроена.,Контекст броска/применения,False
1365,Разрушительная аура,2014,8,partial,Спасбросок; Концентрация и связанные эффекты,"Поддержаны спасбросок со Сл и групповые результаты. Требуется отдельное разрешение: описанное воздействие на цели, предметы или окружение.",Сцена и геометрия,True
1184,Разрушительная волна,2014,5,partial,Урон; Спасбросок; Выбор типа урона,"Выбор типа урона, типизированная формула, цвет костей и применение защит цели поддержаны. Постоянные 5к6 звуком сохранены; выбор относится только ко вторым 5к6. Падение ничком и его последствия пока вручную.",Условия и состояния,False
6356,Разрушительная волна,2024,5,partial,Урон; Спасбросок; Выбор типа урона,"Правила 2024: 5к6 звуком плюс 5к6 излучением или некротической энергией по выбору. Спасбросок Телосложения, половина при успехе; падение при провале пока отмечается вручную.",Условия и состояния,False
806,Разрушительный резонанс,2014,2,partial,Урон; Спасбросок,"Поддержаны формулы бросков, спасбросок со Сл и групповые результаты. Требуется отдельное разрешение: описанное воздействие на цели, предметы или окружение.",Сцена и геометрия,True
807,Разрыв Лей,2014,2,partial,Спасбросок; Концентрация и связанные эффекты,Поддержаны спасбросок со Сл и групповые результаты. Требуется отдельное разрешение: Создание/контроль существ и их отдельные листы; Повторные срабатывания и вход/выход из области; Контекстные бонусы и режимы бросков.,Повторные события; Контекст броска/применения; Сцена и геометрия,True
968,Разъедающий снаряд,2014,3,partial,Урон; Атака,"Поддержаны формулы бросков, атака заклинанием. Требуется отдельное разрешение: Создание/контроль существ и их отдельные листы.",Подконтрольные существа,False
1265,Разящее око,2014,6,partial,Спасбросок; Концентрация и связанные эффекты,"Поддержаны спасбросок со Сл и групповые результаты. Требуется отдельное разрешение: Условия наложения, снятия и последствия состояний; Повторные срабатывания и вход/выход из области; Контекстные бонусы и режимы бросков.",Повторные события; Условия и состояния; Контекст броска/применения,False
6357,Разящее око,2024,6,none,Концентрация и связанные эффекты,Правила PHB 2024. Применение особенностей по описанию; автоматизация этой версии не настроена.,Условия и состояния,False
808,Раскалённый металл,2014,2,partial,Урон; Спасбросок; Концентрация и связанные эффекты,"Поддержаны формулы бросков, спасбросок со Сл и групповые результаты. Требуется отдельное разрешение: Контекстные бонусы и режимы бросков.",Контекст броска/применения,False
6358,Раскалённый металл,2024,2,none,Концентрация и связанные эффекты,Правила PHB 2024. Применение особенностей по описанию; автоматизация этой версии не настроена.,Контекст броска/применения,False
517,Раскат грома,2014,0,full,Урон; Спасбросок,"Проверены атака или спасбросок, формула и типы урона, усиление, применение результата к целям из хроники. Геометрия, перемещение, освещение и воздействие на декорации остаются у мастера и не снижают статус.",Решение по описанию,False
6359,Раскат грома,2024,0,full,Урон; Спасбросок,"Правила 2024: типизированный урон, усиление, спасбросок и применение полного/половинного урона либо избегание через хронику. Геометрию, перемещения и воздействие на декорации определяет мастер.",Решение по описанию,False
1266,Раскидывание,2014,6,partial,Спасбросок,Поддержаны спасбросок со Сл и групповые результаты. Требуется отдельное разрешение: Перемещение и переходы между планами.,Сцена и геометрия,True
1267,Распад,2014,6,partial,Урон; Спасбросок,"Поддержаны формулы бросков, спасбросок со Сл и групповые результаты. Требуется отдельное разрешение: Превращение, характеристики формы и возврат исходного состояния.",Превращение; Сцена и геометрия,True
6360,Распад,2024,6,partial,Урон; Спасбросок,"Правила 2024: типизированная формула, усиление и спасбросок нужного этапа, применение урона в хронике. Распад тела, снаряжения и ограничение воскрешения пока вручную.",Сцена и геометрия,True
1185,Рассвет,2014,5,partial,Урон; Спасбросок; Концентрация и связанные эффекты,"Поддержаны формулы бросков, спасбросок со Сл и групповые результаты. Требуется отдельное разрешение: Контекстные бонусы и режимы бросков.",Контекст броска/применения; Сцена и геометрия,True
1186,Рассеивание добра и зла,2014,5,partial,Спасбросок; Концентрация и связанные эффекты,"Поддержаны спасбросок со Сл и групповые результаты. Требуется отдельное разрешение: Условия наложения, снятия и последствия состояний; Контекстные бонусы и режимы бросков.",Условия и состояния; Контекст броска/применения,False
6361,Рассеивание добра и зла,2024,5,none,Концентрация и связанные эффекты,Правила PHB 2024. Применение особенностей по описанию; автоматизация этой версии не настроена.,Условия и состояния; Контекст броска/применения,False
969,Рассеивание магии,2014,3,none,,"Требуется отдельное разрешение: описанное воздействие на цели, предметы или окружение.",Решение по описанию,False
6362,Рассеивание магии,2024,3,none,,Правила PHB 2024. Применение особенностей по описанию; автоматизация этой версии не настроена.,Решение по описанию,False
809,Расщелина с сокровищами,2014,2,partial,Спасбросок; Концентрация и связанные эффекты,"Поддержаны спасбросок со Сл и групповые результаты. Требуется отдельное разрешение: Условия наложения, снятия и последствия состояний; Повторные срабатывания и вход/выход из области; Контекстные бонусы и режимы бросков.",Повторные события; Условия и состояния; Контекст броска/применения,False
518,Расщепление разума,2014,0,partial,Урон; Спасбросок,"Поддержаны формулы бросков, спасбросок со Сл и групповые результаты. Требуется отдельное разрешение: описанное воздействие на цели, предметы или окружение.",Решение по описанию,False
6363,Расщепление разума,2024,0,none,,Правила PHB 2024. Применение особенностей по описанию; автоматизация этой версии не настроена.,Решение по описанию,False
970,Реанимация,2014,3,none,,Требуется отдельное разрешение: Расход и формулы от костей хитов цели/заклинателя; Изменение максимума или связанных временных хитов; Повторные срабатывания и вход/выход из области.,Хиты с источником; Повторные события; Расходы и восстановление; Контекст броска/применения,False
1411,Ревущая бездна,2014,9,partial,Урон; Спасбросок; Концентрация и связанные эффекты,"Поддержаны формулы бросков, спасбросок со Сл и групповые результаты. Требуется отдельное разрешение: Превращение, характеристики формы и возврат исходного состояния; Создание/контроль существ и их отдельные листы; Условия наложения, снятия и последствия состояний.",Повторные события; Условия и состояния; Снятие эффектов; Создание предмета; Сцена и геометрия,True
1320,Регенерация,2014,7,partial,Формула лечения,Формула доступна для броска. После начального лечения восстанавливает 1 хит в начале хода и конечности; нужна единая длительная процедура.,Повторные события,False
6364,Регенерация,2024,7,none,,Правила PHB 2024. Применение особенностей по описанию; автоматизация этой версии не настроена.,Повторные события,False
1366,Резкий блик летнего света,2014,8,partial,Спасбросок,"Поддержаны спасбросок со Сл и групповые результаты. Требуется отдельное разрешение: Условия наложения, снятия и последствия состояний.",Условия и состояния; Сцена и геометрия,True
1187,Реинкарнация,2014,5,none,,Требуется отдельное разрешение: Выбор результата по таблице/случайной ветке.,Случайный результат,False
6365,Реинкарнация,2024,5,none,,Правила PHB 2024. Применение особенностей по описанию; автоматизация этой версии не настроена.,Случайный результат,False
810,Речь златоуста,2014,2,partial,Спасбросок,"Поддержаны спасбросок со Сл и групповые результаты. Требуется отдельное разрешение: Условия наложения, снятия и последствия состояний; Контекстные бонусы и режимы бросков.",Условия и состояния; Контекст броска/применения,False
6366,Речь златоуста,2024,2,none,Концентрация и связанные эффекты,Правила PHB 2024. Применение особенностей по описанию; автоматизация этой версии не настроена.,Контекст броска/применения,False
811,Рога стихий,2014,2,partial,Урон; Выбор типа урона; Концентрация и связанные эффекты,"Выбор типа урона, типизированная формула, цвет костей и применение защит цели поддержаны. Дополнительный урон рогов бросается отдельно. Привязка к атаке существа и противоречие описания роста сверх 3-го при базовом 2-м круге требуют разбора.",Решение по описанию,False
1188,Рой духов,2014,5,partial,Урон; Спасбросок; Концентрация и связанные эффекты,"Поддержаны формулы бросков, спасбросок со Сл и групповые результаты. Требуется отдельное разрешение: Условия наложения, снятия и последствия состояний.",Условия и состояния,False
971,Рокот грома,2014,3,partial,Урон; Спасбросок,"Поддержаны формулы бросков, спасбросок со Сл и групповые результаты. Требуется отдельное разрешение: Условия наложения, снятия и последствия состояний.",Решение по описанию,False
972,Рост растений,2014,3,none,,"Требуется отдельное разрешение: описанное воздействие на цели, предметы или окружение.",Сцена и геометрия,True
6367,Рост растений,2024,3,none,,Правила PHB 2024. Применение особенностей по описанию; автоматизация этой версии не настроена.,Контекст броска/применения; Сцена и геометрия,True
1268,Роща друида,2014,6,none,,Требуется отдельное разрешение: Создание/контроль существ и их отдельные листы; Условные сопротивления и иммунитеты.,Подконтрольные существа; Сцена и геометрия,True
662,Рука гаи,2014,1,partial,Урон; Концентрация и связанные эффекты,Поддержаны формулы бросков. Требуется отдельное разрешение: Контекстные бонусы и режимы бросков.,Контекст броска/применения,False
663,Руки из тени,2014,1,partial,Урон; Спасбросок,"Поддержаны формулы бросков, спасбросок со Сл и групповые результаты. Требуется отдельное разрешение: Условия наложения, снятия и последствия состояний.",Условия и состояния; Сцена и геометрия,True
664,Руки Хадара,2014,1,partial,Урон; Спасбросок,"Поддержаны формулы бросков, спасбросок со Сл и групповые результаты. Требуется отдельное разрешение: описанное воздействие на цели, предметы или окружение.",Сцена и геометрия,True
6368,Руки Хадара,2024,1,partial,Урон; Спасбросок,"Правила 2024: типизированная формула, усиление и спасбросок нужного этапа, применение урона в хронике. Запрет реакций пока вручную.",Решение по описанию,False
1367,Свежевание,2014,8,partial,Урон; Атака; Спасбросок; Концентрация и связанные эффекты,"Поддержаны формулы бросков, атака заклинанием, спасбросок со Сл и групповые результаты. Требуется отдельное разрешение: описанное воздействие на цели, предметы или окружение.",Решение по описанию,False
812,Сверкающая монетка Джима,2014,2,partial,Спасбросок,Поддержаны спасбросок со Сл и групповые результаты. Требуется отдельное разрешение: Контекстные бонусы и режимы бросков.,Контекст броска/применения,False
665,Сверкающие брызги,2014,1,partial,Отдельные этапы,"Поддержаны формулы бросков. Требуется отдельное разрешение: Условия наложения, снятия и последствия состояний.",Условия и состояния; Сцена и геометрия,True
6369,Сверкающие брызги,2024,1,none,,Правила PHB 2024. Применение особенностей по описанию; автоматизация этой версии не настроена.,Условия и состояния; Сцена и геометрия,True
519,Свет,2014,0,partial,Спасбросок,"Поддержаны спасбросок со Сл и групповые результаты. Требуется отдельное разрешение: описанное воздействие на цели, предметы или окружение.",Сцена и геометрия,True
6370,Свет,2024,0,none,,Правила PHB 2024. Применение особенностей по описанию; автоматизация этой версии не настроена.,Сцена и геометрия,True
1189,Свобода ветров,2014,5,none,Концентрация и связанные эффекты,Требуется отдельное разрешение: Перемещение и переходы между планами; Контекстные бонусы и режимы бросков.,Контекст броска/применения; Сцена и геометрия,True
973,Свобода волн,2014,3,partial,Урон; Спасбросок,"Поддержаны формулы бросков, спасбросок со Сл и групповые результаты. Требуется отдельное разрешение: Создание/контроль существ и их отдельные листы; Перемещение и переходы между планами.",Условия и состояния; Сцена и геометрия,True
1079,Свобода перемещения,2014,4,partial,Связанные эффекты,"Поддержаны применение связанного эффекта и концентрация. Требуется отдельное разрешение: Условия наложения, снятия и последствия состояний; Контекстные бонусы и режимы бросков.",Условия и состояния; Контекст броска/применения; Сцена и геометрия,True
6371,Свобода перемещения,2024,4,none,,Правила PHB 2024. Применение особенностей по описанию; автоматизация этой версии не настроена.,Условия и состояния; Сцена и геометрия,True
666,Своевременное предупреждение,2014,1,none,,"Требуется отдельное разрешение: описанное воздействие на цели, предметы или окружение.",Решение по описанию,False
1190,Связанная речь,2014,5,partial,Спасбросок; Отдельные этапы; Концентрация и связанные эффекты,"Добавлены отдельные формулы для описанных этапов; условный урон не применяется автоматически при сотворении. Порядок этапов, условия попадания в область, дополнительные состояния и их окончание контролируются участниками.",Связь целей; Контекст броска/применения,False
974,Связывание судеб,2014,3,partial,Спасбросок,"Поддержаны спасбросок со Сл и групповые результаты. Требуется отдельное разрешение: Условия наложения, снятия и последствия состояний; Контекстные бонусы и режимы бросков.",Условия и состояния; Связь целей; Контекст броска/применения,False
1080,Связывающая клятва,2014,4,none,,"Требуется отдельное разрешение: описанное воздействие на цели, предметы или окружение.",Решение по описанию,False
667,Связь с землёй,2014,1,none,,Требуется отдельное разрешение: Условные сопротивления и иммунитеты; Контекстные бонусы и режимы бросков.,Контекст броска/применения; Сцена и геометрия,True
1191,Связь с иным миром,2014,5,partial,Урон; Спасбросок,"Поддержаны формулы бросков, спасбросок со Сл и групповые результаты. Требуется отдельное разрешение: описанное воздействие на цели, предметы или окружение.",Решение по описанию,False
6372,Связь с иным планом,2024,5,none,,Правила PHB 2024. Применение особенностей по описанию; автоматизация этой версии не настроена.,Условия и состояния; Расходы и восстановление,False
1321,Связь сущностей,2014,7,partial,Спасбросок; Концентрация и связанные эффекты,Поддержаны спасбросок со Сл и групповые результаты. Требуется отдельное разрешение: Контекстные бонусы и режимы бросков.,Контекст броска/применения,False
1192,Святая земля,2014,5,none,Концентрация и связанные эффекты,Требуется отдельное разрешение: Создание/контроль существ и их отдельные листы.,Подконтрольные существа; Сцена и геометрия,True
1193,Святилище,2014,5,partial,Спасбросок,"Поддержаны спасбросок со Сл и групповые результаты. Требуется отдельное разрешение: Перемещение и переходы между планами; Условия наложения, снятия и последствия состояний; Повторные срабатывания и вход/выход из области.",Повторные события; Условия и состояния; Сцена и геометрия,True
6373,Святилище,2024,5,none,,Правила PHB 2024. Применение особенностей по описанию; автоматизация этой версии не настроена.,Условия и состояния; Сцена и геометрия,True
1194,Священное оружие,2014,5,partial,Спасбросок; Отдельные этапы; Связанные эффекты; Концентрация и связанные эффекты,"Спасброски привязаны к отдельным этапам с правильной характеристикой и результатом успеха. Последовательность этапов, повторения и дополнительные состояния проверяются участниками.",Повторные события; Условия и состояния; Контекст броска/применения; Сцена и геометрия,True
520,Священное пламя,2014,0,full,Урон; Спасбросок,"Проверены атака или спасбросок, формула и типы урона, усиление, применение результата к целям из хроники. Геометрия, перемещение, освещение и воздействие на декорации остаются у мастера и не снижают статус.",Контекст броска/применения,False
6374,Священное пламя,2024,0,full,Урон; Спасбросок,"Правила 2024: типизированный урон, усиление, спасбросок и применение полного/половинного урона либо избегание через хронику. Геометрию, перемещения и воздействие на декорации определяет мастер.",Контекст броска/применения,False
668,Сглаз,2014,1,partial,Урон; Концентрация и связанные эффекты,Поддержаны формулы бросков. Требуется отдельное разрешение: Контекстные бонусы и режимы бросков.,Контекст броска/применения,False
6375,Сглаз,2024,1,none,Концентрация и связанные эффекты,Правила PHB 2024. Применение особенностей по описанию; автоматизация этой версии не настроена.,Контекст броска/применения,False
1195,Сдвиг вероятностей,2014,5,none,Концентрация и связанные эффекты,Требуется отдельное разрешение: Контекстные бонусы и режимы бросков.,Контекст броска/применения,False
521,Сеанс,2014,0,none,,"Требуется отдельное разрешение: описанное воздействие на цели, предметы или окружение.",Решение по описанию,False
1269,Семена смерти,2014,6,none,Концентрация и связанные эффекты,Требуется отдельное разрешение: Создание/контроль существ и их отдельные листы; Повторные срабатывания и вход/выход из области; Контекстные бонусы и режимы бросков.,Повторные события; Подконтрольные существа; Контекст броска/применения,False
1412,Сердце звезды,2014,9,partial,Спасбросок; Отдельные этапы,"Добавлены отдельные формулы для описанных этапов; условный урон не применяется автоматически при сотворении. Порядок этапов, условия попадания в область, дополнительные состояния и их окончание контролируются участниками.",Условия и состояния; Контекст броска/применения; Сцена и геометрия,True
669,Сигнал тревоги,2014,1,none,,Требуется отдельное разрешение: Повторные срабатывания и вход/выход из области.,Сцена и геометрия,True
6376,Сигнал тревоги,2024,1,none,,Правила PHB 2024. Применение особенностей по описанию; автоматизация этой версии не настроена.,Сцена и геометрия,True
975,Сила стаи,2014,3,partial,Связанные эффекты,Применяются связанные эффекты и указанные в них модификаторы. Вариант КД +2 и его длительность поддержаны. Условные преимущества остальных вариантов требуют контекста броска.,Условия и состояния; Контекст броска/применения,False
976,Силовая волна,2014,3,full,Урон; Спасбросок,"Проверены атака или спасбросок, формула и типы урона, усиление, применение результата к целям из хроники. Геометрия, перемещение, освещение и воздействие на декорации остаются у мастера и не снижают статус.",Сцена и геометрия,True
1196,Силовая стена,2014,5,none,Концентрация и связанные эффекты,Требуется отдельное разрешение: Условные сопротивления и иммунитеты.,Сцена и геометрия,True
6377,Силовая стена,2024,5,none,Концентрация и связанные эффекты,Правила PHB 2024. Применение особенностей по описанию; автоматизация этой версии не настроена.,Сцена и геометрия,True
670,Силок,2014,1,partial,Спасбросок,"Поддержаны спасбросок со Сл и групповые результаты. Требуется отдельное разрешение: Условия наложения, снятия и последствия состояний; Повторные срабатывания и вход/выход из области.",Повторные события; Условия и состояния,False
522,Силуэт,2014,0,none,Концентрация и связанные эффекты,Требуется отдельное разрешение: Создание/контроль существ и их отдельные листы.,Решение по описанию,False
1322,Символ чародейства,2014,7,partial,Спасбросок,Поддержаны спасбросок со Сл и групповые результаты. Требуется отдельное разрешение: Повторные срабатывания и вход/выход из области.,Повторные события; Условия и состояния; Сцена и геометрия,True
6378,Синаптический разряд,2024,5,partial,Урон; Спасбросок; Связанные эффекты; Повторный спасбросок,"Правила 2024: типизированная формула, усиление и спасбросок нужного этапа, применение урона в хронике. Эффект и повторный спасбросок поддержаны; штраф именно к концентрации пока вручную.",Повторные события; Контекст броска/применения; Сцена и геометрия,True
1197,Синоптический разряд,2014,5,partial,Урон; Спасбросок; Связанные эффекты; Повторный спасбросок,"Применение эффекта, модификаторы и повторный спасбросок в конце хода со Сл источника; успех автоматически снимает эффект. Штраф к спасброскам концентрации ещё учитывается вручную.",Повторные события; Сцена и геометрия,True
1081,Синхронность,2014,4,partial,Связанные эффекты; Концентрация и связанные эффекты,"Преимущество Скрытности применяется. Управление транспортом, чужие атаки и состязания Харизмы — вручную.",Контекст броска/применения,False
1082,Системный бэкдор,2014,4,none,Концентрация и связанные эффекты,"Требуется отдельное разрешение: описанное воздействие на цели, предметы или окружение.",Решение по описанию,False
6379,Сияющая буря Джалларзи,2024,5,none,Концентрация и связанные эффекты,Правила PHB 2024. Применение особенностей по описанию; автоматизация этой версии не настроена.,Повторные события; Условия и состояния; Сцена и геометрия,True
6380,Сияющая кара,2024,2,none,Концентрация и связанные эффекты,Правила PHB 2024. Применение особенностей по описанию; автоматизация этой версии не настроена.,Контекст броска/применения; Сцена и геометрия,True
523,Сияющие руки,2014,0,full,Урон; Спасбросок,"Проверены атака или спасбросок, формула и типы урона, усиление, применение результата к целям из хроники. Геометрия, перемещение, освещение и воздействие на декорации остаются у мастера и не снижают статус.",Решение по описанию,False
813,Сковывающий лед Райма,2014,2,partial,Урон; Спасбросок,"Поддержаны формулы бросков, спасбросок со Сл и групповые результаты. Требуется отдельное разрешение: описанное воздействие на цели, предметы или окружение.",Сцена и геометрия,True
671,Скольжение,2014,1,partial,Спасбросок,"Поддержаны спасбросок со Сл и групповые результаты. Требуется отдельное разрешение: описанное воздействие на цели, предметы или окружение.",Условия и состояния; Сцена и геометрия,True
1083,Скольжение по земле,2014,4,partial,Урон; Спасбросок; Концентрация и связанные эффекты,"Поддержаны формулы бросков, спасбросок со Сл и групповые результаты. Требуется отдельное разрешение: Перемещение и переходы между планами.",Условия и состояния; Сцена и геометрия,True
672,Скользящий шаг,2014,1,none,,"Требуется отдельное разрешение: описанное воздействие на цели, предметы или окружение.",Решение по описанию,False
673,Скороход,2014,1,full,Связанные эффекты,"Применение эффекта, длительность и заявленные бонусы поддержаны.",Решение по описанию,False
6381,Скороход,2024,1,full,Связанные эффекты,"Правила 2024: применение эффекта, длительность, модификаторы и число целей; без концентрации.",Решение по описанию,False
1368,Слабоумие,2014,8,partial,Урон; Спасбросок,Урон применяется независимо от спасброска. Спасбросок объявляется отдельно для дополнительного эффекта или его окончания; условия и повторные срабатывания требуют контроля участников.,Повторные события,False
977,Слияние с камнем,2014,3,partial,Отдельные этапы,"Отдельные 6к6 или 50 дробящего урона доступны. Выбор разрушения, падение ничком и помеха слуху — вручную.",Условия и состояния; Контекст броска/применения,False
6382,Слияние с камнем,2024,3,none,,Правила PHB 2024. Применение особенностей по описанию; автоматизация этой версии не настроена.,Условия и состояния; Контекст броска/применения,False
1270,Слово возврата,2014,6,none,,Требуется отдельное разрешение: Перемещение и переходы между планами.,Сцена и геометрия,True
6383,Слово возврата,2024,6,none,,Правила PHB 2024. Применение особенностей по описанию; автоматизация этой версии не настроена.,Сцена и геометрия,True
1323,Слово силы: Боль,2014,7,partial,Спасбросок,"Поддержаны спасбросок со Сл и групповые результаты. Требуется отдельное разрешение: Условия наложения, снятия и последствия состояний; Повторные срабатывания и вход/выход из области; Условные сопротивления и иммунитеты.",Повторные события; Условия и состояния; Контекст броска/применения,False
6384,Слово силы: исцеление,2024,9,none,,Правила PHB 2024. Применение особенностей по описанию; автоматизация этой версии не настроена.,Условия и состояния,False
1413,Слово силы: Исцеление,2014,9,none,,"Требуется отдельное разрешение: Условия наложения, снятия и последствия состояний.",Условия и состояния,False
1084,Слово силы: Мучение,2014,4,partial,Урон; Спасбросок,Урон применяется независимо от спасброска. Спасбросок объявляется отдельно для дополнительного эффекта или его окончания; условия и повторные срабатывания требуют контроля участников.,Повторные события,False
1369,Слово силы: Оглушение,2014,8,partial,Спасбросок,Поддержаны спасбросок со Сл и групповые результаты. Требуется отдельное разрешение: Повторные срабатывания и вход/выход из области.,Повторные события; Условия и состояния,False
6385,Слово силы: ошеломление,2024,8,none,,Правила PHB 2024. Применение особенностей по описанию; автоматизация этой версии не настроена.,Повторные события; Условия и состояния,False
814,Слово силы: Преклонись,2014,2,partial,Спасбросок,Поддержаны спасбросок со Сл и групповые результаты. Требуется отдельное разрешение: Повторные срабатывания и вход/выход из области.,Повторные события; Условия и состояния,False
1370,Слово силы: Реконструкция,2014,8,none,,"Требуется отдельное разрешение: описанное воздействие на цели, предметы или окружение.",Условия и состояния,False
6386,Слово силы: смерть,2024,9,partial,Отдельные этапы,"Правила 2024: 12к12 психического урона при ХП выше 100. Мгновенная смерть при 100 ХП и меньше, проверки иммунитетов и предотвращение смерти пока вручную.",Смерть и её предотвращение,False
1414,Слово силы: Смерть,2014,9,none,,"Требуется отдельное разрешение: описанное воздействие на цели, предметы или окружение.",Решение по описанию,False
6387,Слово силы: укрепление,2024,7,none,,Правила PHB 2024. Применение особенностей по описанию; автоматизация этой версии не настроена.,Хиты с источником,False
6388,Слово сияния,2024,0,full,Урон; Спасбросок,"Правила 2024: типизированный урон, усиление, спасбросок и применение полного/половинного урона либо избегание через хронику. Геометрию, перемещения и воздействие на декорации определяет мастер.",Решение по описанию,False
524,Слово Сияния,2014,0,full,Урон; Спасбросок,"Проверены атака или спасбросок, формула и типы урона, усиление, применение результата к целям из хроники. Геометрия, перемещение, освещение и воздействие на декорации остаются у мастера и не снижают статус.",Решение по описанию,False
674,Сломанный заряд,2014,1,full,Урон; Спасбросок,"Проверены атака или спасбросок, формула и типы урона, усиление, применение результата к целям из хроники. Геометрия, перемещение, освещение и воздействие на декорации остаются у мастера и не снижают статус.",Решение по описанию,False
6389,Смазка,2024,1,none,,Правила PHB 2024. Применение особенностей по описанию; автоматизация этой версии не настроена.,Условия и состояния; Сцена и геометрия,True
815,Смена обличья,2014,2,none,Концентрация и связанные эффекты,Требуется отдельное разрешение: Контекстные бонусы и режимы бросков.,Контекст броска/применения,False
6390,Смена обличья,2024,2,none,Концентрация и связанные эффекты,Правила PHB 2024. Применение особенностей по описанию; автоматизация этой версии не настроена.,Изменение выбранного оружия,False
1371,Смертельное жало,2014,8,partial,Урон; Спасбросок; Концентрация и связанные эффекты,"Поддержаны формулы бросков, спасбросок со Сл и групповые результаты. Требуется отдельное разрешение: Условия наложения, снятия и последствия состояний.",Условия и состояния,False
1198,Смертность,2014,5,partial,Спасбросок; Отдельные этапы; Концентрация и связанные эффекты,"Дополнительный урон 1к4 доступен отдельно. Расход пяти Костей Хитов, снижение максимума, снятие защит, смена типа и особая смерть требуют отдельной механики.",Связь целей; Расходы и восстановление,False
1415,Смертный ужас,2014,9,partial,Урон; Спасбросок; Концентрация и связанные эффекты,"Поддержаны формулы бросков, спасбросок со Сл и групповые результаты. Требуется отдельное разрешение: Создание/контроль существ и их отдельные листы; Условия наложения, снятия и последствия состояний; Повторные срабатывания и вход/выход из области.",Повторные события; Условия и состояния; Подконтрольные существа; Сцена и геометрия,True
6391,Смертный ужас,2024,9,none,Концентрация и связанные эффекты,Правила PHB 2024. Применение особенностей по описанию; автоматизация этой версии не настроена.,Повторные события; Условия и состояния; Сцена и геометрия,True
1324,Смерч,2014,7,partial,Урон; Спасбросок; Концентрация и связанные эффекты,"Поддержаны формулы бросков, спасбросок со Сл и групповые результаты. Требуется отдельное разрешение: Несколько разных спасбросков: этапы и цели нельзя смешивать; Условия наложения, снятия и последствия состояний; Повторные срабатывания и вход/выход из области.",Повторные события; Условия и состояния; Сцена и геометрия,True
978,Смешанные чувства,2014,3,partial,Спасбросок; Концентрация и связанные эффекты,Поддержаны спасбросок со Сл и групповые результаты. Требуется отдельное разрешение: Контекстные бонусы и режимы бросков.,Контекст броска/применения,False
816,Смещающее отражение,2014,2,partial,Спасбросок,Поддержаны спасбросок со Сл и групповые результаты. Требуется отдельное разрешение: Создание/контроль существ и их отдельные листы.,Подконтрольные существа,False
1085,Смятение,2014,4,partial,Спасбросок; Концентрация и связанные эффекты,Поддержаны спасбросок со Сл и групповые результаты. Требуется отдельное разрешение: Выбор результата по таблице/случайной ветке; Повторные срабатывания и вход/выход из области.,Повторные события; Случайный результат; Сцена и геометрия,True
6392,Смятение,2024,4,none,Концентрация и связанные эффекты,Правила PHB 2024. Применение особенностей по описанию; автоматизация этой версии не настроена.,Повторные события; Случайный результат; Контекст броска/применения; Сцена и геометрия,True
675,Снаряд хаоса,2014,1,partial,Урон; Атака; Тип по результату костей; Серия атак,"В хронике сессии поддержаны таблица типа после броска, цепочка атак, отдельный урон каждой цели, усиление, крит и общая история целей без повторного расхода ячейки. Мастер выбирает цель, проверяет расстояние и подтверждает попадание; автор может выбрать тип урона. Сценарий без сессии пока не поддержан, доступны самостоятельные броски. Тип и перескок определяют первые две базовые к8; дополнительные кости крита не расширяют этот набор.",Решение по описанию,False
676,Снегопад,2014,1,none,,Требуется отдельное разрешение: Контекстные бонусы и режимы бросков.,Контекст броска/применения; Сцена и геометрия,True
1086,Снежный булыжник,2014,4,partial,Спасбросок; Отдельные этапы; Концентрация и связанные эффекты,"Добавлены отдельные формулы для описанных этапов; условный урон не применяется автоматически при сотворении. Порядок этапов, условия попадания в область, дополнительные состояния и их окончание контролируются участниками.",Условия и состояния; Контекст броска/применения,False
817,Снежный шквал Сниллока,2014,2,full,Урон; Спасбросок,"Проверены атака или спасбросок, формула и типы урона, усиление, применение результата к целям из хроники. Геометрия, перемещение, освещение и воздействие на декорации остаются у мастера и не снижают статус.",Сцена и геометрия,True
979,Снятие проклятья,2014,3,none,,"Требуется отдельное разрешение: описанное воздействие на цели, предметы или окружение.",Решение по описанию,False
6393,Снятие проклятья,2024,3,none,,Правила PHB 2024. Применение особенностей по описанию; автоматизация этой версии не настроена.,Снятие эффектов,False
818,Совет Вотана,2014,2,none,,Требуется отдельное разрешение: Контекстные бонусы и режимы бросков.,Контекст броска/применения,False
1325,Создание магена,2014,7,none,,"Требуется отдельное разрешение: Превращение, характеристики формы и возврат исходного состояния; Изменение максимума или связанных временных хитов.",Хиты с источником,False
1199,Создание прохода,2014,5,none,,"Требуется отдельное разрешение: описанное воздействие на цели, предметы или окружение.",Решение по описанию,False
6394,Создание прохода,2024,5,none,,Правила PHB 2024. Применение особенностей по описанию; автоматизация этой версии не настроена.,Решение по описанию,False
1372,Создание слуги кольца,2014,8,none,Концентрация и связанные эффекты,"Требуется отдельное разрешение: Превращение, характеристики формы и возврат исходного состояния.",Решение по описанию,False
1200,Создание штурвала чарохода,2014,5,none,,"Требуется отдельное разрешение: Превращение, характеристики формы и возврат исходного состояния.",Решение по описанию,False
819,Сокрушительный топот,2014,2,partial,Урон; Спасбросок,"Поддержаны формулы бросков, спасбросок со Сл и групповые результаты. Требуется отдельное разрешение: описанное воздействие на цели, предметы или окружение.",Решение по описанию,False
1373,Сокрытие разума,2014,8,partial,Связанные эффекты,Иммунитет к психическому урону применяется. Блокировка очарования и магического получения информации — вручную.,Условия и состояния,False
6395,Сокрытие разума,2024,8,none,,Правила PHB 2024. Применение особенностей по описанию; автоматизация этой версии не настроена.,Условия и состояния,False
1271,Солнечный луч,2014,6,partial,Урон; Спасбросок; Концентрация и связанные эффекты,"Поддержаны формулы бросков, спасбросок со Сл и групповые результаты. Требуется отдельное разрешение: Условия наложения, снятия и последствия состояний; Контекстные бонусы и режимы бросков.",Условия и состояния; Контекст броска/применения; Сцена и геометрия,True
6396,Солнечный луч,2024,6,none,Концентрация и связанные эффекты,Правила PHB 2024. Применение особенностей по описанию; автоматизация этой версии не настроена.,Условия и состояния; Сцена и геометрия,True
1374,Солнечный ожог,2014,8,partial,Урон; Спасбросок,"Поддержаны формулы бросков, спасбросок со Сл и групповые результаты. Требуется отдельное разрешение: Условия наложения, снятия и последствия состояний; Повторные срабатывания и вход/выход из области; Контекстные бонусы и режимы бросков.",Повторные события; Условия и состояния; Контекст броска/применения; Сцена и геометрия,True
6397,Солнечный ожог,2024,8,partial,Урон; Спасбросок; Связанные эффекты; Повторный спасбросок,"Правила 2024: типизированная формула, усиление и спасбросок нужного этапа, применение урона в хронике. Помеха ослеплённого и повторный спасбросок поддержаны; атаки по ослеплённой цели и рассеивание тьмы пока вручную.",Повторные события; Условия и состояния; Сцена и геометрия,True
1326,Сон синей вуали,2014,7,none,,"Требуется отдельное разрешение: описанное воздействие на цели, предметы или окружение.",Решение по описанию,False
820,Сонная настойка,2014,2,partial,Отдельные этапы,"Поддержаны формулы бросков. Требуется отдельное разрешение: Условия наложения, снятия и последствия состояний; Условные сопротивления и иммунитеты.",Условия и состояния,False
525,Сообщение,2014,0,none,,"Требуется отдельное разрешение: описанное воздействие на цели, предметы или окружение.",Решение по описанию,False
6398,Сообщение,2024,0,none,,Правила PHB 2024. Применение особенностей по описанию; автоматизация этой версии не настроена.,Решение по описанию,False
526,Сопротивление,2014,0,partial,Связанные эффекты; Концентрация и связанные эффекты,Дополнительная кость доступна в меню спасбросков. Снятие после одного использования — вручную.,Решение по описанию,False
6399,Сопротивление,2024,0,none,Концентрация и связанные эффекты,Правила PHB 2024. Применение особенностей по описанию; автоматизация этой версии не настроена.,Контекст броска/применения,False
1201,Сотворение,2014,5,none,,"Требуется отдельное разрешение: описанное воздействие на цели, предметы или окружение.",Создание предмета; Сцена и геометрия,True
6400,Сотворение,2024,5,none,,Правила PHB 2024. Применение особенностей по описанию; автоматизация этой версии не настроена.,Создание предмета; Случайный результат; Сцена и геометрия,True
1272,Сотворение гомункула,2014,6,none,,"Требуется отдельное разрешение: Превращение, характеристики формы и возврат исходного состояния; Расход и формулы от костей хитов цели/заклинателя; Изменение максимума или связанных временных хитов.",Хиты с источником; Расходы и восстановление,False
677,Сотворение или уничтожение воды,2014,1,partial,Создание предметов,"Создание воды в контейнере с выбором количества и ростом от ячейки. Уничтожение воды, дождь и рассеивание тумана разрешаются вручную.",Создание предмета; Сцена и геометрия,True
6401,Сотворение или уничтожение воды,2024,1,partial,Создание предметов,"Создание воды в контейнере, выбор количества и усиление от круга ячейки. Уничтожение воды, тушение дождём и рассеивание тумана разрешаются вручную.",Создание предмета; Сцена и геометрия,True
527,Сотворение костра,2014,0,partial,Урон; Спасбросок; Концентрация и связанные эффекты,"Поддержаны формулы бросков, спасбросок со Сл и групповые результаты. Требуется отдельное разрешение: Создание/контроль существ и их отдельные листы.",Повторные события; Сцена и геометрия,True
1273,Сотворение нежити,2014,6,none,,Требуется отдельное разрешение: Создание/контроль существ и их отдельные листы; Контекстные бонусы и режимы бросков.,Подконтрольные существа; Контекст броска/применения,False
6402,Сотворение нежити,2024,6,none,,Правила PHB 2024. Применение особенностей по описанию; автоматизация этой версии не настроена.,Подконтрольные существа; Контекст броска/применения,False
980,Сотворение пищи и воды,2014,3,full,Создание предметов,"Создание 15 порций пищи и 30 галлонов воды одним сотворением, перенос и расход отдельных единиц. Порча пищи через 24 игровых часа отмечается на экземпляре.",Создание предмета,False
6403,Сотворение пищи и воды,2024,3,full,Создание предметов,"Создание 45 фунтов пищи и 30 галлонов воды, перенос и расход отдельных единиц. Порча пищи через 24 игровых часа отмечается владельцем.",Создание предмета,False
528,Сотворение пламени,2014,0,partial,Урон; Атака,"Поддержаны формулы бросков, атака заклинанием. Требуется отдельное разрешение: описанное воздействие на цели, предметы или окружение.",Сцена и геометрия,True
6404,Сотворение пламени,2024,0,none,,Правила PHB 2024. Применение особенностей по описанию; автоматизация этой версии не настроена.,Сцена и геометрия,True
981,Спектральное прохождение,2014,3,partial,Отдельные этапы; Концентрация и связанные эффекты,Условный урон выталкивания доступен на каждый участок пути. Дистанцию определяет мастер; бросок за каждый участок повторяется вручную.,Сцена и геометрия,True
678,Споры телепатической связи,2014,1,none,,Требуется отдельное разрешение: Создание/контроль существ и их отдельные листы.,Подконтрольные существа,False
982,Сталь героя,2014,3,partial,Спасбросок,"Поддержаны спасбросок со Сл и групповые результаты. Требуется отдельное разрешение: Условия наложения, снятия и последствия состояний; Повторные срабатывания и вход/выход из области; Условные сопротивления и иммунитеты.",Повторные события; Условия и состояния; Контекст броска/применения,False
679,Стальное сердце,2014,1,none,,Требуется отдельное разрешение: Условные сопротивления и иммунитеты.,Решение по описанию,False
1274,Становление крылом ночи,2014,6,partial,Урон; Спасбросок; Концентрация и связанные эффекты,"Поддержаны формулы бросков, спасбросок со Сл и групповые результаты. Требуется отдельное разрешение: описанное воздействие на цели, предметы или окружение.",Расходы и восстановление; Сцена и геометрия,True
821,Стая фамильяров,2014,2,none,Концентрация и связанные эффекты,Требуется отдельное разрешение: Создание/контроль существ и их отдельные листы.,Подконтрольные существа,False
983,Стена ветров,2014,3,partial,Урон; Спасбросок; Концентрация и связанные эффекты,"Поддержаны формулы бросков, спасбросок со Сл и групповые результаты. Требуется отдельное разрешение: описанное воздействие на цели, предметы или окружение.",Сцена и геометрия,True
6405,Стена ветров,2024,3,none,Концентрация и связанные эффекты,Правила PHB 2024. Применение особенностей по описанию; автоматизация этой версии не настроена.,Сцена и геометрия,True
1275,Стена клинков,2014,6,partial,Урон; Спасбросок; Концентрация и связанные эффекты,"Поддержаны формулы бросков, спасбросок со Сл и групповые результаты. Требуется отдельное разрешение: Создание/контроль существ и их отдельные листы; Повторные срабатывания и вход/выход из области.",Повторные события; Сцена и геометрия,True
6406,Стена клинков,2024,6,none,Концентрация и связанные эффекты,Правила PHB 2024. Применение особенностей по описанию; автоматизация этой версии не настроена.,Сцена и геометрия,True
1202,Стена света,2014,5,partial,Урон; Атака; Спасбросок; Концентрация и связанные эффекты,"Поддержаны формулы бросков, атака заклинанием, спасбросок со Сл и групповые результаты. Требуется отдельное разрешение: Условия наложения, снятия и последствия состояний; Повторные срабатывания и вход/выход из области.",Повторные события; Условия и состояния; Сцена и геометрия,True
1375,Стена Сумрака,2014,8,partial,Спасбросок,"Поддержаны спасбросок со Сл и групповые результаты. Требуется отдельное разрешение: Создание/контроль существ и их отдельные листы; Условия наложения, снятия и последствия состояний; Повторные срабатывания и вход/выход из области.",Повторные события; Условия и состояния; Сцена и геометрия,True
984,Стихийное оружие,2014,3,partial,Отдельные этапы; Связанные эффекты; Концентрация и связанные эффекты,Бонус применяется только к выбранному оружию. После применения выберите оружие в эффекте; признак магического оружия и специальные последствия — вручную.,Контекст броска/применения,False
6407,Стихийное оружие,2024,3,none,Концентрация и связанные эффекты,Правила PHB 2024. Применение особенностей по описанию; автоматизация этой версии не настроена.,Контекст броска/применения,False
6408,Стихийность,2024,0,none,,Правила PHB 2024. Применение особенностей по описанию; автоматизация этой версии не настроена.,Подконтрольные существа; Превращение; Создание предмета; Сцена и геометрия,True
1087,Страж веры,2014,4,partial,Спасбросок,"Поддержаны спасбросок со Сл и групповые результаты. Требуется отдельное разрешение: описанное воздействие на цели, предметы или окружение.",Повторные события,False
6409,Страж веры,2024,4,none,,Правила PHB 2024. Применение особенностей по описанию; автоматизация этой версии не настроена.,Повторные события,False
1088,Страж природы,2014,4,partial,Связанные эффекты; Концентрация и связанные эффекты,"Скорость, преимущество и дополнительный урон поддержаны. Тёмное зрение и пространство — по описанию. Преимущество броскам применяется. Временные хиты и труднопроходимая местность — вручную.",Хиты с источником; Изменение выбранного оружия; Контекст броска/применения; Сцена и геометрия,True
1276,Стражи,2014,6,none,,Требуется отдельное разрешение: Создание/контроль существ и их отдельные листы; Условные сопротивления и иммунитеты.,Сцена и геометрия,True
6410,Стражи и обереги,2024,6,none,,Правила PHB 2024. Применение особенностей по описанию; автоматизация этой версии не настроена.,Сцена и геометрия,True
6411,Страх,2024,3,none,Концентрация и связанные эффекты,Правила PHB 2024. Применение особенностей по описанию; автоматизация этой версии не настроена.,Условия и состояния; Сцена и геометрия,True
1089,Сумасбродный щит,2014,4,none,,"Требуется отдельное разрешение: описанное воздействие на цели, предметы или окружение.",Сцена и геометрия,True
1090,Сфера бури,2014,4,partial,Атака; Спасбросок; Отдельные этапы; Концентрация и связанные эффекты,Попадание и урон области разделены; спасбросок привязан только к броску урона области. Выбор момента повторного срабатывания и контекстных преимуществ — вручную.,Контекст броска/применения; Сцена и геометрия,True
1277,Сфера неуязвимости,2014,6,none,Концентрация и связанные эффекты,"Требуется отдельное разрешение: описанное воздействие на цели, предметы или окружение.",Сцена и геометрия,True
6412,Сфера неуязвимости,2024,6,none,Концентрация и связанные эффекты,Правила PHB 2024. Применение особенностей по описанию; автоматизация этой версии не настроена.,Сцена и геометрия,True
1327,Таинственный мираж,2014,7,none,,"Требуется отдельное разрешение: описанное воздействие на цели, предметы или окружение.",Сцена и геометрия,True
6413,Таинственный мираж,2024,7,none,,Правила PHB 2024. Применение особенностей по описанию; автоматизация этой версии не настроена.,Сцена и геометрия,True
1091,Тайны лабиринта,2014,4,partial,Связанные эффекты; Концентрация и связанные эффекты,"Преимущество инициативе применяется. Путь, неожиданность нападения и выход из магического лабиринта — решение мастера.",Контекст броска/применения,False
1203,Телекинез,2014,5,none,Концентрация и связанные эффекты,"Требуется отдельное разрешение: Условия наложения, снятия и последствия состояний.",Условия и состояния,False
6414,Телекинез,2024,5,none,Концентрация и связанные эффекты,Правила PHB 2024. Применение особенностей по описанию; автоматизация этой версии не настроена.,Повторные события; Условия и состояния,False
1376,Телепатия,2014,8,none,,Требуется отдельное разрешение: Создание/контроль существ и их отдельные листы.,Подконтрольные существа,False
6415,Телепатия,2024,8,none,,Правила PHB 2024. Применение особенностей по описанию; автоматизация этой версии не настроена.,Подконтрольные существа,False
1328,Телепортация,2014,7,none,,Требуется отдельное разрешение: Перемещение и переходы между планами; Выбор результата по таблице/случайной ветке.,Создание предмета; Случайный результат; Сцена и геометрия,True
6416,Телепортация,2024,7,none,,Правила PHB 2024. Применение особенностей по описанию; автоматизация этой версии не настроена.,Случайный результат; Сцена и геометрия,True
1377,Темная звезда,2014,8,partial,Урон; Спасбросок; Концентрация и связанные эффекты,"Поддержаны формулы бросков, спасбросок со Сл и групповые результаты. Требуется отдельное разрешение: Превращение, характеристики формы и возврат исходного состояния; Создание/контроль существ и их отдельные листы; Повторные срабатывания и вход/выход из области.",Повторные события; Сцена и геометрия,True
822,Тёмная тропа,2014,2,none,Концентрация и связанные эффекты,Требуется отдельное разрешение: Создание/контроль существ и их отдельные листы.,Сцена и геометрия,True
823,Тёмное зрение,2014,2,partial,Связанные эффекты,"Применение эффекта, длительность и концентрация поддержаны. Сенсорные, языковые и пространственные последствия контролируются по описанию.",Решение по описанию,False
6417,Тёмное зрение,2024,2,none,,Правила PHB 2024. Применение особенностей по описанию; автоматизация этой версии не настроена.,Решение по описанию,False
1092,Тёмное таинство,2014,4,partial,Атака; Отдельные этапы,"Поддержаны формулы бросков, атака заклинанием. Требуется отдельное разрешение: Расход и формулы от костей хитов цели/заклинателя; Изменение максимума или связанных временных хитов; Повторные срабатывания и вход/выход из области.",Хиты с источником; Повторные события; Расходы и восстановление; Контекст броска/применения,False
1416,Теневая буря,2014,9,partial,Урон; Спасбросок; Концентрация и связанные эффекты,"Поддержаны формулы бросков, спасбросок со Сл и групповые результаты. Требуется отдельное разрешение: Создание/контроль существ и их отдельные листы; Повторные срабатывания и вход/выход из области; Контекстные бонусы и режимы бросков.",Повторные события; Контекст броска/применения; Сцена и геометрия,True
1093,Теневое возмездие,2014,4,partial,Отдельные этапы,"Добавлен отдельный бросок урона заклинателю. Создание теневого духа, его отдельный лист и действия требуют отдельной механики.",Превращение,False
1204,Теневое помешательство,2014,5,partial,Спасбросок,"Поддержаны спасбросок со Сл и групповые результаты. Требуется отдельное разрешение: Условия наложения, снятия и последствия состояний.",Условия и состояния; Связь целей; Сцена и геометрия,True
824,Теневой клинок,2014,2,partial,Отдельные этапы; Концентрация и связанные эффекты,Поддержаны формулы бросков. Требуется отдельное разрешение: Повторные срабатывания и вход/выход из области; Контекстные бонусы и режимы бросков.,Повторные события; Контекст броска/применения; Сцена и геометрия,True
825,Теневые марионетки,2014,2,partial,Урон; Атака; Спасбросок; Связанные эффекты; Концентрация и связанные эффекты,Применяются связанные эффекты и указанные в них модификаторы. Эффект блокирует сотворение и концентрацию. Остальные действия и реакции пока не блокируются автоматически.,Условия и состояния; Контекст броска/применения,False
1094,Теневые монстры,2014,4,partial,Спасбросок; Концентрация и связанные эффекты,Поддержаны спасбросок со Сл и групповые результаты. Требуется отдельное разрешение: Повторные срабатывания и вход/выход из области.,Повторные события,False
680,Тензеров парящий диск,2014,1,none,,"Требуется отдельное разрешение: описанное воздействие на цели, предметы или окружение.",Решение по описанию,False
826,Тени на свету,2014,2,partial,Спасбросок,Поддержаны спасбросок со Сл и групповые результаты. Требуется отдельное разрешение: Контекстные бонусы и режимы бросков.,Повторные события; Контекст броска/применения,False
827,Тень,2014,2,none,Концентрация и связанные эффекты,Требуется отдельное разрешение: Создание/контроль существ и их отдельные листы; Контекстные бонусы и режимы бросков.,Подконтрольные существа; Контекст броска/применения,False
1417,Теогенез,2014,9,none,,Требуется отдельное разрешение: Контекстные бонусы и режимы бросков.,Контекст броска/применения,False
1278,Терновая стена,2014,6,partial,Спасбросок; Отдельные этапы; Концентрация и связанные эффекты,"Спасброски привязаны к отдельным этапам с правильной характеристикой и результатом успеха. Последовательность этапов, повторения и дополнительные состояния проверяются участниками.",Повторные события,False
6418,Терновая стена,2024,6,none,Концентрация и связанные эффекты,Правила PHB 2024. Применение особенностей по описанию; автоматизация этой версии не настроена.,Повторные события,False
529,Терновый кнут,2014,0,full,Урон; Атака,"Проверены атака или спасбросок, формула и типы урона, усиление, применение результата к целям из хроники. Геометрия, перемещение, освещение и воздействие на декорации остаются у мастера и не снижают статус.",Подконтрольные существа,False
6419,Терновый кнут,2024,0,full,Урон; Атака,"Правила 2024: атака заклинанием, усиление заговора, крит и типизированный урон с применением к цели. Перемещение и воздействие на декорации определяет мастер.",Подконтрольные существа,False
828,Тишина,2014,2,none,Концентрация и связанные эффекты,Требуется отдельное разрешение: Условные сопротивления и иммунитеты.,Сцена и геометрия,True
6420,Тишина,2024,2,none,Концентрация и связанные эффекты,Правила PHB 2024. Применение особенностей по описанию; автоматизация этой версии не настроена.,Сцена и геометрия,True
1329,Торжество,2014,7,partial,Спасбросок,"Поддержаны спасбросок со Сл и групповые результаты. Требуется отдельное разрешение: Условия наложения, снятия и последствия состояний; Повторные срабатывания и вход/выход из области.",Повторные события; Условия и состояния; Сцена и геометрия,True
829,Тотемный колпак,2014,2,none,Концентрация и связанные эффекты,"Требуется отдельное разрешение: описанное воздействие на цели, предметы или окружение.",Решение по описанию,False
1279,Трансформация Тензера,2014,6,partial,Отдельные этапы; Связанные эффекты; Концентрация и связанные эффекты,"Усиление применяется при сотворении. Отдельно объявляется спасбросок Телосложения Сл 15 после окончания; он не накладывает усиление повторно. Временные хиты с источником, их снятие и применение истощения ещё требуют доработки.",Хиты с источником; Изменение выбранного оружия; Контекст броска/применения,False
830,Траншея,2014,2,none,,"Требуется отдельное разрешение: описанное воздействие на цели, предметы или окружение.",Решение по описанию,False
1095,Трепет судьбы,2014,4,partial,Спасбросок,Поддержаны спасбросок со Сл и групповые результаты. Требуется отдельное разрешение: Контекстные бонусы и режимы бросков.,Контекст броска/применения,False
1330,Триумф льда,2014,7,none,Концентрация и связанные эффекты,"Требуется отдельное разрешение: Несколько разных спасбросков: этапы и цели нельзя смешивать; Превращение, характеристики формы и возврат исходного состояния; Условия наложения, снятия и последствия состояний.",Условия и состояния; Сцена и геометрия,True
831,Трюк с верёвкой,2014,2,none,,"Требуется отдельное разрешение: описанное воздействие на цели, предметы или окружение.",Решение по описанию,False
6421,Трюк с верёвкой,2024,2,none,,Правила PHB 2024. Применение особенностей по описанию; автоматизация этой версии не настроена.,Решение по описанию,False
985,Трясина,2014,3,partial,Спасбросок,Поддержаны спасбросок со Сл и групповые результаты. Требуется отдельное разрешение: Создание/контроль существ и их отдельные листы; Повторные срабатывания и вход/выход из области.,Сцена и геометрия,True
681,Туманное облако,2014,1,none,Концентрация и связанные эффекты,Требуется отдельное разрешение: Создание/контроль существ и их отдельные листы.,Сцена и геометрия,True
6422,Туманное облако,2024,1,none,Концентрация и связанные эффекты,Правила PHB 2024. Применение особенностей по описанию; автоматизация этой версии не настроена.,Сцена и геометрия,True
832,Туманный шаг,2014,2,none,,Требуется отдельное разрешение: Перемещение и переходы между планами.,Сцена и геометрия,True
6423,Туманный шаг,2024,2,none,,Правила PHB 2024. Применение особенностей по описанию; автоматизация этой версии не настроена.,Сцена и геометрия,True
986,Тысяча жал,2014,3,partial,Урон; Спасбросок,"Поддержаны формулы бросков, спасбросок со Сл и групповые результаты. Требуется отдельное разрешение: Контекстные бонусы и режимы бросков.",Контекст броска/применения,False
833,Тьма,2014,2,none,Концентрация и связанные эффекты,"Требуется отдельное разрешение: описанное воздействие на цели, предметы или окружение.",Сцена и геометрия,True
6424,Тьма,2024,2,none,Концентрация и связанные эффекты,Правила PHB 2024. Применение особенностей по описанию; автоматизация этой версии не настроена.,Сцена и геометрия,True
834,Тяжёлые времена,2014,2,partial,Спасбросок,Поддержаны спасбросок со Сл и групповые результаты. Требуется отдельное разрешение: Контекстные бонусы и режимы бросков.,Контекст броска/применения,False
682,Убежище,2014,1,partial,Спасбросок,"Поддержаны спасбросок со Сл и групповые результаты. Требуется отдельное разрешение: описанное воздействие на цели, предметы или окружение.",Решение по описанию,False
6425,Убежище,2024,1,none,,Правила PHB 2024. Применение особенностей по описанию; автоматизация этой версии не настроена.,Сцена и геометрия,True
1331,Убийца легенд,2014,7,partial,Спасбросок; Концентрация и связанные эффекты,Поддержаны спасбросок со Сл и групповые результаты. Требуется отдельное разрешение: Повторные срабатывания и вход/выход из области; Условные сопротивления и иммунитеты.,Повторные события,False
835,Увеличение/уменьшение,2014,2,partial,Спасбросок; Связанные эффекты; Концентрация и связанные эффекты,"Поддержаны спасбросок со Сл и групповые результаты, применение связанного эффекта и концентрация. Требуется отдельное разрешение: Контекстные бонусы и режимы бросков.",Контекст броска/применения,False
6426,Увеличение/уменьшение,2024,2,none,Концентрация и связанные эффекты,Правила PHB 2024. Применение особенностей по описанию; автоматизация этой версии не настроена.,Контекст броска/применения,False
836,Увлекательная прогулка,2014,2,partial,Связанные эффекты; Концентрация и связанные эффекты,Скорость и бросок урона поддержаны. Перемещение через существ и выталкивание — вручную.,Повторные события; Контекст броска/применения; Сцена и геометрия,True
1378,Увядание,2014,8,none,,Требуется отдельное разрешение: Создание/контроль существ и их отдельные листы.,Расходы и восстановление; Сцена и геометрия,True
837,Увядание и цветение,2014,2,partial,Урон; Спасбросок,"Поддержаны формулы бросков, спасбросок со Сл и групповые результаты. Требуется отдельное разрешение: Расход и формулы от костей хитов цели/заклинателя.",Расходы и восстановление; Сцена и геометрия,True
838,Увядающая кара,2014,2,none,Концентрация и связанные эффекты,Требуется отдельное разрешение: Расход и формулы от костей хитов цели/заклинателя; Условные сопротивления и иммунитеты; Изменение конкретного оружия и условия попадания.,Изменение выбранного оружия; Расходы и восстановление,False
683,Удаленный доступ,2014,1,none,Концентрация и связанные эффекты,"Требуется отдельное разрешение: описанное воздействие на цели, предметы или окружение.",Решение по описанию,False
839,Удар гонга,2014,2,partial,Спасбросок; Отдельные этапы,"Поддержаны формулы бросков, спасбросок со Сл и групповые результаты. Требуется отдельное разрешение: Повторные срабатывания и вход/выход из области; Контекстные бонусы и режимы бросков.",Повторные события; Контекст броска/применения,False
530,Удар грома,2014,0,partial,Урон; Атака,"Поддержаны формулы бросков, атака заклинанием. Требуется отдельное разрешение: Создание/контроль существ и их отдельные листы.",Решение по описанию,False
684,Удар Зефира,2014,1,partial,Урон; Концентрация и связанные эффекты,Поддержаны формулы бросков. Требуется отдельное разрешение: Контекстные бонусы и режимы бросков; Изменение конкретного оружия и условия попадания.,Изменение выбранного оружия; Контекст броска/применения,False
987,Удар Пустоты,2014,3,partial,Урон; Атака; Концентрация и связанные эффекты,"Поддержаны формулы бросков, атака заклинанием. Требуется отдельное разрешение: Условия наложения, снятия и последствия состояний; Контекстные бонусы и режимы бросков.",Условия и состояния; Контекст броска/применения; Сцена и геометрия,True
840,Удар разума,2014,2,partial,Урон; Спасбросок,"Поддержаны формулы бросков, спасбросок со Сл и групповые результаты. Требуется отдельное разрешение: Контекстные бонусы и режимы бросков.",Контекст броска/применения,False
1205,Удар стального ветра,2014,5,partial,Урон; Атака; Серия атак,"Серия отдельных атак и урона в хронике сессии: до пяти разных целей, повторная цель запрещена. Число лучей учитывает усиление; ячейка расходуется один раз. Без сессии остаются отдельные броски с показом общего числа лучей.",Сцена и геометрия,True
6427,Удар стального ветра,2024,5,partial,Урон; Атака; Серия атак,"Серия отдельных атак и урона в хронике сессии: до пяти разных целей, повторная цель запрещена. Число лучей учитывает усиление; ячейка расходуется один раз. Без сессии остаются отдельные броски с показом общего числа лучей.",Сцена и геометрия,True
841,Удержание личности,2014,2,partial,Спасбросок; Связанные эффекты; Повторный спасбросок; Концентрация и связанные эффекты,"Применение эффекта, модификаторы и повторный спасбросок в конце хода со Сл источника; успех автоматически снимает эффект. Паралич блокирует сотворение и концентрацию. Автопровалы Силы/Ловкости, атаки по цели и крит вблизи требуют доработки.",Повторные события; Условия и состояния,False
6428,Удержание личности,2024,2,none,Концентрация и связанные эффекты,Правила PHB 2024. Применение особенностей по описанию; автоматизация этой версии не настроена.,Повторные события; Условия и состояния,False
1206,Удержание чудовища,2014,5,partial,Спасбросок; Связанные эффекты; Повторный спасбросок; Концентрация и связанные эффекты,"Применение эффекта, модификаторы и повторный спасбросок в конце хода со Сл источника; успех автоматически снимает эффект. Паралич блокирует сотворение и концентрацию. Автопровалы Силы/Ловкости, атаки по цели и крит вблизи требуют доработки.",Повторные события; Условия и состояния,False
6429,Удержание чудовища,2024,5,none,Концентрация и связанные эффекты,Правила PHB 2024. Применение особенностей по описанию; автоматизация этой версии не настроена.,Повторные события; Условия и состояния,False
988,Удушье,2014,3,none,Концентрация и связанные эффекты,"Требуется отдельное разрешение: Создание/контроль существ и их отдельные листы; Условия наложения, снятия и последствия состояний; Повторные срабатывания и вход/выход из области.",Повторные события; Условия и состояния; Контекст броска/применения,False
989,Ужас,2014,3,partial,Спасбросок; Концентрация и связанные эффекты,"Поддержаны спасбросок со Сл и групповые результаты. Требуется отдельное разрешение: Условия наложения, снятия и последствия состояний.",Повторные события; Условия и состояния; Сцена и геометрия,True
1379,Ужасное увядание Аби-Далзима,2014,8,partial,Урон; Спасбросок,"Поддержаны формулы бросков, спасбросок со Сл и групповые результаты. Требуется отдельное разрешение: Контекстные бонусы и режимы бросков.",Контекст броска/применения; Сцена и геометрия,True
685,Ужасный полёт,2014,1,partial,Урон; Спасбросок,"Поддержаны формулы бросков, спасбросок со Сл и групповые результаты. Требуется отдельное разрешение: описанное воздействие на цели, предметы или окружение.",Решение по описанию,False
1332,Узилище,2014,7,partial,Спасбросок,Поддержаны спасбросок со Сл и групповые результаты. Требуется отдельное разрешение: Перемещение и переходы между планами.,Сцена и геометрия,True
6430,Узилище,2024,7,none,Концентрация и связанные эффекты,Правила PHB 2024. Применение особенностей по описанию; автоматизация этой версии не настроена.,Сцена и геометрия,True
842,Узы земли,2014,2,partial,Спасбросок; Концентрация и связанные эффекты,"Поддержаны спасбросок со Сл и групповые результаты. Требуется отдельное разрешение: описанное воздействие на цели, предметы или окружение.",Решение по описанию,False
843,Узы Повелителей драконов,2014,2,none,,"Требуется отдельное разрешение: описанное воздействие на цели, предметы или окружение.",Решение по описанию,False
531,Указание,2014,0,partial,Связанные эффекты; Концентрация и связанные эффекты,Дополнительная кость доступна в меню проверок. Снятие после одного использования — вручную.,Решение по описанию,False
1418,Украсть бессмертие,2014,9,none,,"Требуется отдельное разрешение: Перемещение и переходы между планами; Расход и формулы от костей хитов цели/заклинателя; Условия наложения, снятия и последствия состояний.",Условия и состояния; Смерть и её предотвращение; Расходы и восстановление; Контекст броска/применения; Сцена и геометрия,True
532,Укус тени,2014,0,partial,Урон; Спасбросок,"Поддержаны формулы бросков, спасбросок со Сл и групповые результаты. Требуется отдельное разрешение: описанное воздействие на цели, предметы или окружение.",Решение по описанию,False
844,Улучшение характеристики,2014,2,partial,Связанные эффекты; Концентрация и связанные эффекты,"Преимущество проверкам применяется. Грузоподъёмность удвоена. Эти дополнительные последствия отмечаются вручную. Преимущество проверкам применяется. Нет урона от падения с 20 футов или ниже, пока цель дееспособна. Эти дополнительные последствия отмечаются вручную. Преимущество проверкам применяется. Цель получает 2к6 временных хитов, которые исчезают при окончании эффекта. Эти дополнительные последствия отмечаются вручную.",Хиты с источником; Контекст броска/применения,False
6431,Улучшение характеристики,2024,2,none,Концентрация и связанные эффекты,Правила PHB 2024. Применение особенностей по описанию; автоматизация этой версии не настроена.,Контекст броска/применения,False
845,Умиротворение,2014,2,partial,Спасбросок; Концентрация и связанные эффекты,"Поддержаны спасбросок со Сл и групповые результаты. Требуется отдельное разрешение: Условия наложения, снятия и последствия состояний.",Условия и состояния; Сцена и геометрия,True
6432,Умиротворение,2024,2,none,Концентрация и связанные эффекты,Правила PHB 2024. Применение особенностей по описанию; автоматизация этой версии не настроена.,Условия и состояния; Сцена и геометрия,True
1280,Управление льдом,2014,6,partial,Спасбросок; Концентрация и связанные эффекты,Поддержаны спасбросок со Сл и групповые результаты. Требуется отдельное разрешение: Повторные срабатывания и вход/выход из области.,Повторные события; Условия и состояния,False
6433,Упругий шар Отилюка,2024,4,none,Концентрация и связанные эффекты,Правила PHB 2024. Применение особенностей по описанию; автоматизация этой версии не настроена.,Сцена и геометрия,True
1207,Усиление навыка,2014,5,partial,Связанные эффекты; Концентрация и связанные эффекты,Удвоенный бонус выбранного навыка применяется. Перед применением подтвердите владение без существующей компетентности.,Контекст броска/применения,False
1208,Усиленное поле Лей,2014,5,none,Концентрация и связанные эффекты,"Требуется отдельное разрешение: описанное воздействие на цели, предметы или окружение.",Сцена и геометрия,True
846,Ускользнуть,2014,2,partial,Отдельные этапы; Концентрация и связанные эффекты,Формулы выталкивания доступны отдельно. Преимущество и иммунитеты зависят от освещения; безусловно на лист не накладываются. Дополнительный урон за расстояние повторяют вручную.,Контекст броска/применения; Сцена и геометрия,True
990,Ускорение,2014,3,partial,Связанные эффекты; Концентрация и связанные эффекты,Поддержаны применение связанного эффекта и концентрация. Требуется отдельное разрешение: Контекстные бонусы и режимы бросков; Изменение конкретного оружия и условия попадания.,Изменение выбранного оружия; Контекст броска/применения,False
6434,Ускорение,2024,3,none,Концентрация и связанные эффекты,Правила PHB 2024. Применение особенностей по описанию; автоматизация этой версии не настроена.,Условия и состояния; Контекст броска/применения,False
991,Успокоение шторма,2014,3,none,,"Требуется отдельное разрешение: описанное воздействие на цели, предметы или окружение.",Решение по описанию,False
686,Усыпление,2014,1,partial,Отдельные этапы,"Поддержаны формулы бросков. Требуется отдельное разрешение: Условия наложения, снятия и последствия состояний; Условные сопротивления и иммунитеты.",Условия и состояния,False
6435,Усыпление,2024,1,none,Концентрация и связанные эффекты,Правила PHB 2024. Применение особенностей по описанию; автоматизация этой версии не настроена.,Сцена и геометрия,True
1096,Усыхание,2014,4,partial,Урон; Спасбросок,"Поддержаны формулы бросков, спасбросок со Сл и групповые результаты. Требуется отдельное разрешение: Контекстные бонусы и режимы бросков.",Контекст броска/применения,False
6436,Усыхание,2024,4,partial,Урон; Спасбросок,"Правила 2024: типизированная формула, усиление и спасбросок нужного этапа, применение урона в хронике. Автопровал растения выбирает мастер; воздействие на обычные растения разрешается по описанию.",Решение по описанию,False
1281,Утопление,2014,6,partial,Спасбросок; Концентрация и связанные эффекты,"Поддержаны спасбросок со Сл и групповые результаты. Требуется отдельное разрешение: Условия наложения, снятия и последствия состояний.",Условия и состояния; Сцена и геометрия,True
1419,Утрата времени,2014,9,partial,Урон; Спасбросок,"Поддержаны формулы бросков, спасбросок со Сл и групповые результаты. Требуется отдельное разрешение: Контекстные бонусы и режимы бросков.",Контекст броска/применения,False
1333,Уход в иной мир,2014,7,partial,Атака; Спасбросок,"Поддержаны атака заклинанием, спасбросок со Сл и групповые результаты. Требуется отдельное разрешение: Перемещение и переходы между планами; Выбор результата по таблице/случайной ветке.",Случайный результат; Сцена и геометрия,True
533,Уход за умирающим,2014,0,none,,"Требуется отдельное разрешение: описанное воздействие на цели, предметы или окружение.",Решение по описанию,False
6437,Уход за умирающим,2024,0,none,,Правила PHB 2024. Применение особенностей по описанию; автоматизация этой версии не настроена.,Решение по описанию,False
1209,Фальшивый двойник,2014,5,none,Концентрация и связанные эффекты,"Требуется отдельное разрешение: Условия наложения, снятия и последствия состояний; Контекстные бонусы и режимы бросков.",Условия и состояния; Контекст броска/применения,False
6438,Фальшивый двойник,2024,5,none,Концентрация и связанные эффекты,Правила PHB 2024. Применение особенностей по описанию; автоматизация этой версии не настроена.,Решение по описанию,False
534,Фокусы,2014,0,none,,Требуется отдельное разрешение: Создание/контроль существ и их отдельные листы.,Подконтрольные существа; Создание предмета; Сцена и геометрия,True
6439,Фокусы,2024,0,none,,Правила PHB 2024. Применение особенностей по описанию; автоматизация этой версии не настроена.,Подконтрольные существа; Создание предмета; Сцена и геометрия,True
535,Формование воды,2014,0,none,,"Требуется отдельное разрешение: описанное воздействие на цели, предметы или окружение.",Сцена и геометрия,True
847,Хаотичная живучесть,2014,2,partial,Атака,Поддержаны атака заклинанием. Требуется отдельное разрешение: Создание/контроль существ и их отдельные листы; Расход и формулы от костей хитов цели/заклинателя; Изменение максимума или связанных временных хитов.,Хиты с источником; Подконтрольные существа; Случайный результат; Расходы и восстановление,False
1097,Хаотичная форма,2014,4,none,,Требуется отдельное разрешение: Контекстные бонусы и режимы бросков.,Контекст броска/применения; Сцена и геометрия,True
1282,Хаотичный мир,2014,6,partial,Спасбросок; Концентрация и связанные эффекты,"Поддержаны спасбросок со Сл и групповые результаты. Требуется отдельное разрешение: Условия наложения, снятия и последствия состояний.",Условия и состояния; Сцена и геометрия,True
1210,Хватка Тьюпилака,2014,5,none,,"Требуется отдельное разрешение: описанное воздействие на цели, предметы или окружение.",Решение по описанию,False
6440,Хижина Леомунда,2024,3,none,,Правила PHB 2024. Применение особенностей по описанию; автоматизация этой версии не настроена.,Сцена и геометрия,True
1283,Хлыст Лей,2014,6,partial,Урон; Атака; Спасбросок,Урон применяется независимо от спасброска. Спасбросок объявляется отдельно для дополнительного эффекта или его окончания; условия и повторные срабатывания требуют контроля участников.,Контекст броска/применения,False
1284,Хождение по ветру,2014,6,none,,"Требуется отдельное разрешение: Условия наложения, снятия и последствия состояний; Условные сопротивления и иммунитеты.",Условия и состояния,False
6441,Хождение по ветру,2024,6,none,,Правила PHB 2024. Применение особенностей по описанию; автоматизация этой версии не настроена.,Условия и состояния,False
992,Хождение по воде,2014,3,partial,Связанные эффекты,"Общее применение и длительность поддержаны. Перемещение, всплытие и внешние опасности — вручную.",Решение по описанию,False
6442,Хождение по воде,2024,3,none,,Правила PHB 2024. Применение особенностей по описанию; автоматизация этой версии не настроена.,Контекст броска/применения,False
1334,Храм богов,2014,7,partial,Спасбросок,Поддержаны спасбросок со Сл и групповые результаты. Требуется отдельное разрешение: Создание/контроль существ и их отдельные листы; Контекстные бонусы и режимы бросков.,Контекст броска/применения; Сцена и геометрия,True
687,Хромая кляча,2014,1,partial,Атака; Отдельные этапы; Концентрация и связанные эффекты,"Поддержаны формулы бросков, атака заклинанием. Требуется отдельное разрешение: описанное воздействие на цели, предметы или окружение.",Решение по описанию,False
1098,Хрупкость,2014,4,none,,Требуется отдельное разрешение: Контекстные бонусы и режимы бросков.,Расходы и восстановление; Контекст броска/применения,False
6443,Царственное величие Йоланды,2024,5,none,Концентрация и связанные эффекты,Правила PHB 2024. Применение особенностей по описанию; автоматизация этой версии не настроена.,Условия и состояния,False
1380,Цветение,2014,8,none,,"Требуется отдельное разрешение: описанное воздействие на цели, предметы или окружение.",Расходы и восстановление,False
848,Цветной клинок,2014,2,partial,Урон; Атака; Выбор типа урона; Концентрация и связанные эффекты,"Выбор типа урона, типизированная формула, цвет костей и применение защит цели поддержаны. Тип применяется к костям и модификатору заклинателя. Создание клинка и его использование вместо отдельных атак пока вручную.",Контекст броска/применения; Сцена и геометрия,True
688,Цветной шарик,2014,1,full,Урон; Атака; Выбор типа урона,"Выбор типа урона, типизированная формула, цвет костей и применение защит цели поддержаны. Атака, 3к8 и +1к8 за каждый круг выше первого, критическое попадание и применение к целям из хроники поддержаны.",Сцена и геометрия,True
6444,Цветной шарик,2024,1,partial,Урон; Атака; Выбор типа урона; Серия атак,"Правила 2024: тип выбирается при сотворении; совпадение любой пары к8 открывает перескок. Лимит перескоков равен кругу ячейки; каждая цель только один раз. Усиление, крит и отдельный урон целей поддержаны в хронике сессии. Без сессии доступны самостоятельные броски; связанной цепочки пока нет.",Решение по описанию,False
1211,Цепи бога,2014,5,partial,Спасбросок; Отдельные этапы; Концентрация и связанные эффекты,"Добавлены отдельные формулы для описанных этапов; условный урон не применяется автоматически при сотворении. Порядок этапов, условия попадания в область, дополнительные состояния и их окончание контролируются участниками.",Повторные события; Условия и состояния,False
1099,Цепкая лоза,2014,4,partial,Спасбросок; Концентрация и связанные эффекты,Поддержаны спасбросок со Сл и групповые результаты. Требуется отдельное разрешение: Создание/контроль существ и их отдельные листы; Контекстные бонусы и режимы бросков.,Контекст броска/применения,False
6445,Цепкая лоза,2024,4,none,Концентрация и связанные эффекты,Правила PHB 2024. Применение особенностей по описанию; автоматизация этой версии не настроена.,Расходы и восстановление; Контекст броска/применения,False
6446,Цепная молния,2024,6,partial,Урон; Спасбросок,"Правила 2024: типизированная формула, усиление и спасбросок нужного этапа, применение урона в хронике. Разветвлённый лимит целей и дальность от первой цели проверяет мастер.",Решение по описанию,False
689,Церемония,2014,1,none,,Требуется отдельное разрешение: Контекстные бонусы и режимы бросков.,Контекст броска/применения,False
849,Цифровой фантом,2014,2,none,Концентрация и связанные эффекты,Требуется отдельное разрешение: Контекстные бонусы и режимы бросков.,Контекст броска/применения,False
1381,Цунами,2014,8,partial,Спасбросок; Отдельные этапы; Концентрация и связанные эффекты,"Добавлены отдельные формулы для описанных этапов; условный урон не применяется автоматически при сотворении. Порядок этапов, условия попадания в область, дополнительные состояния и их окончание контролируются участниками.",Повторные события; Создание предмета; Сцена и геометрия,True
6447,Цунами,2024,8,none,Концентрация и связанные эффекты,Правила PHB 2024. Применение особенностей по описанию; автоматизация этой версии не настроена.,Повторные события; Создание предмета; Сцена и геометрия,True
6448,Чародейский выброс,2024,0,partial,Урон; Атака; Выбор типа урона,"Правила 2024: атака, выбор типа, крит и усиление заговора. Взрывающиеся к8 с общим лимитом по модификатору заклинателя ещё требуют нового механизма; дополнительные кости пока бросаются вручную.",Взрывающиеся кости,False
1100,Чёрная рука,2014,4,partial,Атака; Спасбросок; Связанные эффекты; Концентрация и связанные эффекты,"Применяются связанные эффекты и указанные в них модификаторы. Оба модификатора доступны отдельными вариантами. Наложение на два листа, повторные спасброски и совместное снятие требуют контроля участников.",Повторные события; Условия и состояния; Контекст броска/применения,False
690,Чёрные ленты,2014,1,partial,Спасбросок; Концентрация и связанные эффекты,"Поддержаны спасбросок со Сл и групповые результаты. Требуется отдельное разрешение: Превращение, характеристики формы и возврат исходного состояния.",Сцена и геометрия,True
6449,Чёрные щупальца Эварда,2024,4,none,Концентрация и связанные эффекты,Правила PHB 2024. Применение особенностей по описанию; автоматизация этой версии не настроена.,Условия и состояния; Сцена и геометрия,True
1285,Чёрный колодец,2014,6,partial,Урон; Спасбросок; Концентрация и связанные эффекты,"Поддержаны формулы бросков, спасбросок со Сл и групповые результаты. Требуется отдельное разрешение: Несколько разных спасбросков: этапы и цели нельзя смешивать; Создание/контроль существ и их отдельные листы; Условия наложения, снятия и последствия состояний.",Условия и состояния; Подконтрольные существа; Сцена и геометрия,True
1101,Чтение памяти,2014,4,none,,"Требуется отдельное разрешение: описанное воздействие на цели, предметы или окружение.",Решение по описанию,False
850,Чтоб тебе не свезло,2014,2,none,,Требуется отдельное разрешение: Создание/контроль существ и их отдельные листы; Контекстные бонусы и режимы бросков.,Подконтрольные существа; Контекст броска/применения,False
851,Чувство жизненной силы,2014,2,none,Концентрация и связанные эффекты,Требуется отдельное разрешение: Расход и формулы от костей хитов цели/заклинателя; Изменение максимума или связанных временных хитов.,Хиты с источником; Расходы и восстановление,False
852,Чувство логова,2014,2,none,,Требуется отдельное разрешение: Повторные срабатывания и вход/выход из области.,Сцена и геометрия,True
536,Чувство охотника,2014,0,none,Концентрация и связанные эффекты,"Требуется отдельное разрешение: описанное воздействие на цели, предметы или окружение.",Решение по описанию,False
691,Чудо-ягоды,2014,1,full,Создание предметов,"Создание до 10 переносимых ягод, расход ячейки, применение одной ягоды к себе или другой цели, лечение и возврат резерва. Окончание 24 игровых часов отмечается на экземпляре.",Создание предмета,False
537,Чудотворство,2014,0,none,,"Требуется отдельное разрешение: описанное воздействие на цели, предметы или окружение.",Решение по описанию,False
6450,Чудотворство,2024,0,none,,Правила PHB 2024. Применение особенностей по описанию; автоматизация этой версии не настроена.,Контекст броска/применения,False
853,Шар света,2014,2,partial,Урон; Спасбросок,"Поддержаны формулы бросков, спасбросок со Сл и групповые результаты. Требуется отдельное разрешение: Условия наложения, снятия и последствия состояний.",Условия и состояния; Сцена и геометрия,True
538,Шипастый щит,2014,0,partial,Урон,Поддержаны формулы бросков. Требуется отдельное разрешение: Создание/контроль существ и их отдельные листы.,Решение по описанию,False
854,Шипы,2014,2,partial,Урон; Концентрация и связанные эффекты,Поддержаны формулы бросков. Требуется отдельное разрешение: Повторные срабатывания и вход/выход из области.,Сцена и геометрия,True
539,Шквал,2014,0,partial,Спасбросок,"Поддержаны спасбросок со Сл и групповые результаты. Требуется отдельное разрешение: описанное воздействие на цели, предметы или окружение.",Создание предмета,False
993,Шквал шестерней,2014,3,partial,Урон; Спасбросок,"Поддержаны формулы бросков, спасбросок со Сл и групповые результаты. Требуется отдельное разрешение: Контекстные бонусы и режимы бросков.",Контекст броска/применения; Сцена и геометрия,True
1420,Шторм Лей,2014,9,partial,Отдельные этапы; Концентрация и связанные эффекты,"Добавлены отдельные формулы для описанных этапов; условный урон не применяется автоматически при сотворении. Раунд 4 с отдельным заклинанием, условное лечение геоманта и состояние глухоты — вручную.",Контекст броска/применения; Сцена и геометрия,True
994,Шторм погибели богов,2014,3,partial,Спасбросок; Отдельные этапы,"Спасброски привязаны к отдельным этапам с правильной характеристикой и результатом успеха. Последовательность этапов, повторения и дополнительные состояния проверяются участниками.",Решение по описанию,False
1102,Шутка Ётуна,2014,4,none,,"Требуется отдельное разрешение: описанное воздействие на цели, предметы или окружение.",Решение по описанию,False
692,Щит,2014,1,partial,Связанные эффекты,КД +5 применяется. Иммунитет к «Волшебной стреле» и окончание в начале хода отмечаются вручную.,Контекст броска/применения,False
6451,Щит,2024,1,none,,Правила PHB 2024. Применение особенностей по описанию; автоматизация этой версии не настроена.,Контекст броска/применения,False
693,Щит веры,2014,1,full,Связанные эффекты; Концентрация и связанные эффекты,"Выбор целей, ячейка, эффект и концентрация связаны; бонус применяется к параметрам листа.",Контекст броска/применения,False
6452,Щит веры,2024,1,full,Связанные эффекты; Концентрация и связанные эффекты,"Правила 2024: применение эффекта, длительность, модификаторы и число целей; связь с концентрацией.",Контекст броска/применения,False
995,Щит звезды и тени,2014,3,full,Связанные эффекты,"Применение эффекта, длительность и заявленные бонусы поддержаны.",Сцена и геометрия,True
855,Щит мыслей,2014,2,partial,Связанные эффекты,Эффект и длительность поддержаны. Особые условия и последствия разрешаются вручную по описанию.,Контекст броска/применения,False
694,Щит шестерней,2014,1,full,Связанные эффекты,"Применение эффекта, длительность и заявленные бонусы поддержаны.",Контекст броска/применения,False
1103,Эвардовы чёрные щупальца,2014,4,partial,Урон; Спасбросок; Концентрация и связанные эффекты,"Поддержаны формулы бросков, спасбросок со Сл и групповые результаты. Требуется отдельное разрешение: Условия наложения, снятия и последствия состояний; Повторные срабатывания и вход/выход из области.",Повторные события; Условия и состояния; Сцена и геометрия,True
1104,Эго кнут,2014,4,full,Спасбросок; Связанные эффекты; Повторный спасбросок; Концентрация и связанные эффекты,"Применение эффекта, модификаторы и повторный спасбросок в конце хода со Сл источника; успех автоматически снимает эффект. Проверены первоначальный спасбросок, формулы при наличии и сохранение результата в хронике.",Повторные события; Контекст броска/применения,False
1212,Эйдетическая память,2014,5,full,Связанные эффекты; Концентрация и связанные эффекты,"Применение эффекта, длительность и заявленные бонусы поддержаны.",Решение по описанию,False
695,Экстракт Фойсона,2014,1,none,,"Требуется отдельное разрешение: описанное воздействие на цели, предметы или окружение.",Решение по описанию,False
540,Электрошок,2014,0,partial,Урон; Атака,"Поддержаны формулы бросков, атака заклинанием. Требуется отдельное разрешение: Контекстные бонусы и режимы бросков.",Контекст броска/применения,False
6453,Электрошок,2024,0,partial,Урон; Атака,"Правила 2024: атака или спасбросок, усиление, тип урона и применение результата. Попадание; только провоцированные атаки запрещены до начала следующего хода заклинателя. Дополнительное ограничение пока соблюдается участниками.",Решение по описанию,False
996,Энергетический снаряд Лей,2014,3,full,Урон; Спасбросок,"Проверены атака или спасбросок, формула и типы урона, усиление, применение результата к целям из хроники. Геометрия, перемещение, освещение и воздействие на декорации остаются у мастера и не снижают статус.",Расходы и восстановление; Контекст броска/применения,False
1382,Эталон хаоса,2014,8,partial,Связанные эффекты; Концентрация и связанные эффекты,Применяются связанные эффекты и указанные в них модификаторы. Защиты от урона поддержаны. Иммунитеты к состояниям и таблица волн хаоса требуют отдельной механики.,Условия и состояния; Превращение; Случайный результат; Контекст броска/применения; Сцена и геометрия,True
1335,Эфирность,2014,7,partial,Связанные эффекты,"Эффект, длительность и дополнительные цели за круг поддержаны. Эфирный План, выталкивание из предметов и соответствующий урон — вручную.",Сцена и геометрия,True
6454,Эфирность,2024,7,none,,Правила PHB 2024. Применение особенностей по описанию; автоматизация этой версии не настроена.,Решение по описанию,False
1213,Ядовитое облачение,2014,5,partial,Урон; Спасбросок; Концентрация и связанные эффекты,"Поддержаны формулы бросков, спасбросок со Сл и групповые результаты. Требуется отдельное разрешение: Условия наложения, снятия и последствия состояний; Условные сопротивления и иммунитеты; Контекстные бонусы и режимы бросков.",Условия и состояния; Контекст броска/применения,False
541,Ядовитые брызги,2014,0,full,Урон; Спасбросок,"Проверены атака или спасбросок, формула и типы урона, усиление, применение результата к целям из хроники. Геометрия, перемещение, освещение и воздействие на декорации остаются у мастера и не снижают статус.",Решение по описанию,False
6455,Ядовитые брызги,2024,0,full,Урон; Атака,"Правила 2024: атака заклинанием, усиление заговора, крит и типизированный урон с применением к цели. Перемещение и воздействие на декорации определяет мастер.",Решение по описанию,False
856,Ядовитый залп,2014,2,partial,Урон; Спасбросок; Связанные эффекты,"Применяются связанные эффекты и указанные в них модификаторы. Условия наложения, повторные спасброски и снятие по ходу боя проверяются участниками.",Условия и состояния; Подконтрольные существа,False
997,Языки,2014,3,partial,Связанные эффекты,"Применение эффекта, длительность и концентрация поддержаны. Сенсорные, языковые и пространственные последствия контролируются по описанию.",Решение по описанию,False
6456,Языки,2024,3,none,,Правила PHB 2024. Применение особенностей по описанию; автоматизация этой версии не настроена.,Решение по описанию,False
696,Ярость кобольдов,2014,1,none,,Требуется отдельное разрешение: Контекстные бонусы и режимы бросков.,Контекст броска/применения,False
